-- phpMyAdmin SQL Dump
-- version 5.0.2
-- https://www.phpmyadmin.net/
--
-- Máy chủ: 127.0.0.1
-- Thời gian đã tạo: Th12 05, 2020 lúc 08:48 AM
-- Phiên bản máy phục vụ: 10.4.14-MariaDB
-- Phiên bản PHP: 7.4.10

SET SQL_MODE = "NO_AUTO_VALUE_ON_ZERO";
START TRANSACTION;
SET time_zone = "+00:00";


/*!40101 SET @OLD_CHARACTER_SET_CLIENT=@@CHARACTER_SET_CLIENT */;
/*!40101 SET @OLD_CHARACTER_SET_RESULTS=@@CHARACTER_SET_RESULTS */;
/*!40101 SET @OLD_COLLATION_CONNECTION=@@COLLATION_CONNECTION */;
/*!40101 SET NAMES utf8mb4 */;

--
-- Cơ sở dữ liệu: `cnpm_voucher`
--

-- --------------------------------------------------------

--
-- Cấu trúc bảng cho bảng `admin`
--

CREATE TABLE `admin` (
  `id` int(11) NOT NULL,
  `name` varchar(100) DEFAULT NULL,
  `email` varchar(100) DEFAULT NULL,
  `password` varchar(50) DEFAULT NULL,
  `phone` char(15) DEFAULT NULL,
  `created_at` timestamp NULL DEFAULT NULL,
  `updated_at` timestamp NULL DEFAULT NULL ON UPDATE current_timestamp()
) ENGINE=InnoDB DEFAULT CHARSET=utf8mb4;

-- --------------------------------------------------------

--
-- Cấu trúc bảng cho bảng `category`
--

CREATE TABLE `category` (
  `id` int(11) NOT NULL,
  `name` varchar(100) DEFAULT NULL,
  `slug` varchar(100) DEFAULT NULL,
  `image` varchar(100) DEFAULT NULL,
  `banner` varchar(100) DEFAULT NULL,
  `home` tinyint(4) DEFAULT 0,
  `status` int(11) DEFAULT 1,
  `created_at` timestamp NOT NULL DEFAULT current_timestamp(),
  `updated_at` timestamp NOT NULL DEFAULT current_timestamp() ON UPDATE current_timestamp()
) ENGINE=InnoDB DEFAULT CHARSET=utf8mb4;

--
-- Đang đổ dữ liệu cho bảng `category`
--

INSERT INTO `category` (`id`, `name`, `slug`, `image`, `banner`, `home`, `status`, `created_at`, `updated_at`) VALUES
(20, 'Ẩm thực', 'am-thuc', NULL, NULL, 1, 1, '2020-11-27 09:37:20', '2020-11-27 10:36:24'),
(21, 'Spa & làm đẹp', 'spa-lam-dep', NULL, NULL, 1, 1, '2020-11-27 09:37:46', '2020-12-02 12:33:17'),
(22, 'Giải trí & thể thao', 'giai-tri-the-thao', NULL, NULL, 1, 1, '2020-11-27 09:37:57', '2020-12-02 12:33:18'),
(23, 'Buffet', 'buffet', NULL, NULL, 1, 1, '2020-11-27 09:38:20', '2020-11-27 16:13:11'),
(24, 'Vé sự kiện', 've-su-kien', NULL, NULL, 1, 1, '2020-11-27 09:38:33', '2020-12-04 04:40:48');

-- --------------------------------------------------------

--
-- Cấu trúc bảng cho bảng `orders`
--

CREATE TABLE `orders` (
  `id` int(11) NOT NULL,
  `transaction_id` int(11) DEFAULT NULL,
  `product_id` int(11) DEFAULT NULL,
  `quantity` int(11) DEFAULT NULL,
  `price` int(11) DEFAULT NULL,
  `created_at` datetime NOT NULL DEFAULT current_timestamp(),
  `updated_at` timestamp NULL DEFAULT NULL ON UPDATE current_timestamp()
) ENGINE=InnoDB DEFAULT CHARSET=utf8mb4;

--
-- Đang đổ dữ liệu cho bảng `orders`
--

INSERT INTO `orders` (`id`, `transaction_id`, `product_id`, `quantity`, `price`, `created_at`, `updated_at`) VALUES
(13, 7, 16, 1, 319500, '2020-11-30 23:42:10', NULL),
(14, 8, 18, 1, 129560, '2020-11-30 23:46:21', NULL),
(15, 9, 17, 1, 270300, '2020-12-02 15:46:22', NULL),
(16, 9, 20, 1, 169690, '2020-12-02 15:46:22', NULL),
(17, 10, 19, 1, 179400, '2020-12-02 20:02:24', NULL),
(18, 11, 20, 1, 169690, '2020-12-02 20:06:14', NULL),
(19, 12, 20, 1, 169690, '2020-12-02 20:06:43', NULL),
(20, 13, 20, 1, 169690, '2020-12-02 20:10:08', NULL),
(21, 14, 20, 1, 169690, '2020-12-02 20:11:51', NULL),
(22, 15, 20, 1, 169690, '2020-12-02 20:12:02', NULL),
(23, 16, 20, 1, 169690, '2020-12-02 20:23:18', NULL),
(24, 17, 20, 3, 169690, '2020-12-02 20:24:32', NULL),
(25, 18, 20, 4, 169690, '2020-12-02 20:58:21', NULL),
(26, 18, 24, 1, 100000, '2020-12-02 20:58:21', NULL),
(27, 19, 20, 4, 169690, '2020-12-02 21:11:55', NULL),
(28, 19, 24, 1, 100000, '2020-12-02 21:11:55', NULL),
(29, 19, 26, 1, 285000, '2020-12-02 21:11:55', NULL),
(30, 20, 20, 4, 169690, '2020-12-02 21:12:25', NULL),
(31, 20, 24, 1, 100000, '2020-12-02 21:12:25', NULL),
(32, 20, 26, 1, 285000, '2020-12-02 21:12:25', NULL),
(33, 21, 26, 1, 285000, '2020-12-02 22:49:59', NULL),
(34, 21, 27, 3, 130000, '2020-12-02 22:49:59', NULL),
(35, 22, 31, 10, 138000, '2016-12-04 10:35:37', '2020-12-04 03:58:29'),
(36, 23, 16, 1, 319500, '2020-12-04 11:35:45', NULL),
(37, 23, 26, 1, 285000, '2020-12-04 11:35:45', NULL),
(38, 24, 22, 1, 90000, '2020-12-04 11:37:31', NULL),
(39, 24, 19, 1, 179400, '2020-12-04 11:37:31', NULL),
(40, 25, 20, 1, 169690, '2020-12-04 12:17:35', NULL),
(41, 26, 20, 1, 169690, '2020-12-04 12:18:12', NULL),
(42, 27, 20, 1, 169690, '2020-12-04 12:19:05', NULL),
(43, 28, 20, 1, 169690, '2020-12-04 12:21:26', NULL),
(44, 29, 20, 1, 169690, '2020-12-04 12:37:54', NULL),
(45, 30, 20, 10, 169690, '2020-12-04 15:25:00', NULL),
(46, 31, 21, 1, 407490, '2020-12-04 15:30:56', NULL),
(47, 31, 22, 4, 90000, '2020-12-04 15:30:56', NULL),
(48, 32, 16, 1, 319500, '2020-12-04 21:03:30', NULL),
(49, 32, 17, 1, 270300, '2020-12-04 21:03:30', NULL);

-- --------------------------------------------------------

--
-- Cấu trúc bảng cho bảng `product`
--

CREATE TABLE `product` (
  `id` int(11) NOT NULL,
  `name` varchar(100) DEFAULT NULL,
  `slug` varchar(100) DEFAULT NULL,
  `price` int(11) DEFAULT NULL,
  `sale` int(11) DEFAULT 0,
  `image` varchar(100) DEFAULT NULL,
  `category_id` int(11) DEFAULT NULL,
  `content` text DEFAULT NULL,
  `quantity` int(20) DEFAULT 0,
  `head` int(11) DEFAULT 0,
  `how_to_use` text DEFAULT NULL,
  `location` text DEFAULT NULL,
  `remarkable_thing` text DEFAULT NULL,
  `hot` int(11) DEFAULT 0,
  `created_at` timestamp NULL DEFAULT NULL,
  `updated_at` timestamp NULL DEFAULT NULL ON UPDATE current_timestamp()
) ENGINE=InnoDB DEFAULT CHARSET=utf8mb4;

--
-- Đang đổ dữ liệu cho bảng `product`
--

INSERT INTO `product` (`id`, `name`, `slug`, `price`, `sale`, `image`, `category_id`, `content`, `quantity`, `head`, `how_to_use`, `location`, `remarkable_thing`, `hot`, `created_at`, `updated_at`) VALUES
(16, 'La Vela Saigon Hotel 5* - Buffet Trưa Hải Sản Tôm Hùm, Cua, Ghẹ, Quầy Lẩu Nhật, Sushi, Dimsum, 100 M', 'la-vela-saigon-hotel-5---buffet-trua-hai-san-tom-hum-cua-ghe-quay-lau-nhat-sushi-dimsum-100-mon-truy', 450000, 29, 'asdfa.jpg', 20, 'Là một trong những địa chỉ buffet hàng đầu tại Sài Gòn, Nhà hàng Mermaid thuộc La Vela Saigon Hotel 5* luôn là sự lựa chọn đáng tin cậy của đông đảo người yêu ẩm thực. Chất lượng luôn được thể hiện qua thực đơn buffet vô cùng phong phú, thường xuyên được thay đổi, món ăn có hương vị hấp dẫn, cùng cách trình bày không kém phần công phu, tỉ mỉ. Lần này, mời bạn cùng đến với Mermaid Restaurant, thưởng thức ngay tiệc Buffet trưa hải sản tôm hùm, cua, ghẹ, lẩu Nhật, sushi, dimsum và 100 món 3 miền đặc sắc, miễn phí nước uống, tráng miệng. Cơ hội trải nghiệm nghệ thuật ẩm thực đỉnh cao trong một không gian vô cùng sang trọng và đẳng cấp đang chờ đợi bạn!', 96, 0, '- Thời hạn sử dụng voucher: từ 01/11/2020 đến 02/01/2021.\r\n\r\n- Địa chỉ sử dụng voucher: Mermaid Restaurant - Tầng 25, La Vela Saigon Hotel 5* - 280 Nam Kỳ Khởi Nghĩa, Phường 8, Quận 3, Tp.HCM. ĐT: 028 3622 2280.\r\n\r\n- Áp dụng cho: Buffet trưa hải sản tôm hùm, cua, ghẹ, lẩu Nhật, sushi, dimsum và 100 món 3 miền đặc sắc - Free soft drink, tráng miệng. Tham khảo menu tại đây.\r\n\r\n- Thời gian phục vụ: 11h30 - 14h tất cả các ngày trong tuần. Không áp dụng lễ.\r\n\r\n- Sử dụng 01 voucher/ 01 người lớn/ 01 tôm hùm nướng phô mai (không bù tiền).\r\n\r\n- Đối với trẻ em:\r\n\r\n+ Dưới 1m: miễn phí (mỗi người lớn chỉ đi kèm một trẻ em)\r\n\r\n+ Từ 1m đến 1.4m: Tính trực tiếp 50% vé người lớn tại nhà hàng\r\n\r\n+ Trên 1.4m: Tính 01 voucher như người lớn\r\n\r\n- Áp dụng cho dùng tại chỗ. Đã bao gồm 10% VAT và 5% phí phục vụ. Nhà hàng chịu trách nhiệm xuất hóa đơn khi khách hàng yêu cầu.\r\n\r\n- Khách hàng vui lòng đặt chỗ trước khi đến. Trường hợp không đặt chỗ trước, nhà hàng xin phép được cáo lỗi nếu không còn chỗ trống.\r\n\r\n- Không áp dụng đồng thời với các chương trình khuyến mãi khác.\r\n\r\n- Phiếu không có giá trị quy đổi thành tiền mặt, không trả lại tiền thừa.\r\n\r\n- Thanh toán online nhận ngay voucher điện tử.\r\n\r\n- Thanh toán trả sau nhận voucher giấy miễn phí cho đơn hàng từ 150.000vnđ trở lên, đơn hàng dưới 150.000vnđ thu phí giao hàng 9.000vnđ.', 'La Vela Saigon Hotel 5* - 280 Nam Kỳ Khởi Nghĩa, Phường 8, Quận 3, Tp.HCM', '- Tọa lạc tại trung tâm Thành phố Hồ Chí Minh, Khách sạn La Vela Saigon 5* với 280 phòng nghỉ sang trọng và đẳng cấp, dịch vụ hoàn hảo, là địa chỉ lưu trú tuyệt vời cho du khách. \r\n\r\n- Mermaid Restaurant nằm tại tầng 25 của Khách sạn La Vela Saigon, nơi để bạn thưởng thức những bữa tiệc buffet thượng hạng. \r\n\r\n- Không gian rộng lớn, thiết kế đầy sáng tạo, vừa hiện đại, vừa sang trọng và tinh tế, phù hợp cho những bữa ăn gia đình ấm cúng, hẹn hò lãng mạn hoặc tổ chức tiệc chiêu đãi...\r\n\r\n- Nhà hàng sở hữu view 360 độ toàn Sài Gòn và hồ bơi vô cực đẹp nhất Việt Nam. Đây cũng là địa điểm check in “xịn xò” tại La Vela Saigon Hotel.\r\n\r\n- Thực đơn buffet trưa với các loại hải sản cao cấp như: Tôm hùm đút lò (nướng phô mai) 01 khách/ 01 con, Cua, Ghẹ chế biến sẵn với các loại sốt (thay đổi hằng ngày) (Ghẹ cháy tỏi, Cua Bắc Mỹ sốt me), lẩu Nhật, sushi, dimsum và 100 món 3 miền đặc sắc.\r\n\r\n- Miễn phí nước uống, tráng miệng.\r\n\r\n- Món nước thay đổi phong phú, đa dạng.\r\n\r\n- Đội ngũ đầu bếp tại Mermaid Restaurant có nhiều năm kinh nghiệm, trong đó có sự góp mặt của siêu đầu bếp Việt hàng đầu thế giới.\r\n\r\n- Để mang đến những món ăn đẳng cấp thế giới, Mermaid Restaurant luôn đặt ra cho mình những nguyên tắc lựa chọn nguồn nguyên liệu tươi – ngon – sạch, được nhập khẩu từ các nhà cung cấp uy tín.\r\n\r\n- Tham khảo menu tại đây.', 0, NULL, '2020-12-04 14:03:30'),
(17, 'Hệ Thống King BBQ Buffet – Vua Nướng Hàn Quốc', 'he-thong-king-bbq-buffet-vua-nuong-han-quoc', 318000, 15, '361724-he-thong-king-bbq-buffet-vua-nuong-han-quoc.jpg', 23, 'Hệ Thống King BBQ Buffet – Vua Nướng Hàn Quốc. Voucher 318,000 VNĐ, Còn 270,000 VNĐ, Giảm 15%. Chỉ Có Tại Hotdeal.vn!', 199, 0, '- Thời hạn sử dụng voucher: đến 30/12/2020.\r\n\r\n- Địa điểm sử dụng voucher: Hệ Thống King BBQ Buffet:\r\n\r\n+ 92 Hòa Bình, Phường Phú Trung, Quận 11, TP.HCM. Điện thoại: 028 7301 8768.\r\n\r\n+ Lotte Pico - 2F2 Tầng 2, Lotte Mart Tân Bình, Số 20 đường Cộng Hòa, Phường 4, Quận Tân Bình, TP.HCM. Điện thoại: 028 7301 0339.\r\n\r\n+ Lotte Mart Q.11 - 1F-01, Lotte Mart Phú Thọ, 968 Đường 3/2, Phường 15, Quận 11, TP.HCM. Điện thoại: 028 7307 1779.\r\n\r\n+ Big C An Lạc - 1231 QL1A, Khu phố 5, Quận Bình Tân, TP.HCM. Điện thoại: 028 7302 4568.\r\n\r\n- 01 voucher áp dụng cho 01 phần buffet giá 289.000đ (chưa bao gồm VAT) (tương đương 318.000đ đã VAT).\r\n\r\n- Tham khảo menu: http://kingbbq.com.vn/thuc-don/\r\n\r\n- Thời gian áp dụng: 10h-22h từ T2-T6, 10h-16h từ T7-CN (không áp dụng 24, 25/12/2020).\r\n\r\n- Không áp dụng đồng thời các chương trình khuyến mãi khác, ưu đãi thẻ (thẻ thành viên, thẻ nhân viên, thẻ ngân hàng...).\r\n\r\n- Chính sách trẻ em:\r\n\r\n+ Dưới 1m: miễn phí (01 người lớn kèm 01 trẻ em)\r\n\r\n+ Từ 1m – dưới 1.3m: phụ thu 30% giá vé người lớn, thu trực tiếp tại nhà hàng theo giá tại nhà hàng 289.000 (chưa bao gồm VAT)\r\n\r\n+ Từ 1,3m trở lên: tính như vé người lớn\r\n\r\n- 01 khách hàng được mua nhiều phiếu. Sử dụng 01 phiếu/người.\r\n\r\n- Khách hàng chỉ bù thêm 66.000 để dùng buffet giá cao hơn.\r\n\r\n- Khách hàng chỉ bù thêm 99.000 để dùng buffet giá cao hơn + refill nước ngọt không giới hạn.\r\n\r\n- Không áp dụng cho mua mang về.\r\n\r\n- Giá trên đã bao gồm 10% VAT. Nhà hàng King BBQ chịu trách nhiệm xuất hóa đơn tài chính khi khách hàng yêu cầu (theo đúng số tiền khách hàng mua trên voucher).\r\n\r\n- Voucher phải còn nguyên vẹn, không bị rách hoặc tẩy xóa. Voucher hợp lệ là voucher có tem chống hàng giả và mã code 2D.\r\n\r\n- Khách hàng vui lòng liên hệ trước khi đến.\r\n\r\n- Khách đi nhóm từ 10 người trở lên, vui lòng đặt chỗ trước 24h để nhà hàng sắp xếp chỗ. Trường hợp khách hàng không đặt bàn trước, nhà hàng King BBQ xin cáo lỗi khách hàng và hẹn khách hàng vào thời điểm khác để phục vụ nếu nhà hàng không còn bàn trống.\r\n\r\n- Thanh toán online nhận ngay voucher điện tử.\r\n\r\n- Thanh toán trả sau nhận voucher giấy miễn phí cho đơn hàng từ 150.000vnđ trở lên, đơn hàng dưới 150.000vnđ thu phí giao hàng 9.000vnđ.', 'Lotte Pico - 2F2 Tầng 2, Lotte Mart Tân Bình, số 20 đường Cộng Hòa, Phường 4, Q.Tân Bình', '- Sở hữu 53 nhà hàng trên cả nước, King BBQ – Vua Nướng Hàn Quốc là địa chỉ lý tưởng để bạn thưởng thức hơn hơn 200 món Hàn đúng điệu được tẩm ướp và chế biến từ công thức bí truyền Hàn Quốc.\r\n\r\n- Đến với tiệc buffet tại King BBQ, thực khách sẽ được trải nghiệm đầy đủ và trọn vẹn thế giới ẩm thực tinh tế, đầy màu sắc của xứ sở kim chi thông qua hơn 100 món ăn được làm từ những nguyên liệu tươi ngon và an toàn với công thức chế biến độc quyền. Điểm đặc biệt nhất là bạn sẽ được thưởng thức vô số các món nướng mang phong cách Hàn đúng điệu.\r\n\r\n- Nguyên liệu hảo hạng, được chế biến từ thịt bò Mỹ, heo, gà, hải sản tươi ngon.\r\n\r\n- Bí quyết của King BBQ – Vua Nướng Hàn Quốc nằm ở nước sốt tẩm ướp thịt được chế biến từ nguyên liệu hoàn toàn tự nhiên, theo công thức bí truyền, do bếp trưởng Hàn Quốc hơn 40 năm kinh nghiệm nghiên cứu và chế biến.\r\n\r\n- Món ăn được nướng trên hệ thống bếp than không khói hiện đại, các món nướng vừa lưu giữ vị ngọt thơm của các món thịt mà không hại cho sức khỏe.\r\n\r\n- Không gian nhà hàng King BBQ – Vua Nướng Hàn Quốc được thiết kế sang trọng, hiện đại, thích hợp để tụ họp gia đình, bạn bè hay đồng nghiệp thân quen.\r\n\r\n- Cung cách phục vụ chu đáo, chuyên nghiệp, mức giá hợp lý.\r\n\r\n- Tham khảo menu: http://kingbbq.com.vn/thuc-don/', 0, NULL, '2020-12-04 14:03:30'),
(18, 'Hệ Thống Grill & Cheer - Buffet Thịt Nướng, Hải Sản, Lẩu Hàn - Nhật', 'he-thong-grill-cheer---buffet-thit-nuong-hai-san-lau-han---nhat', 164000, 21, '361987-he-thong-grill-cheer-buffet-thit-nuong-hai-san-lau-han-nhat.jpg', 23, 'Ẩm thực nướng – lẩu theo phong cách Hàn – Nhật đã du nhập vào Việt Nam từ rất nhiều năm nay và đã nhận được nhiều sự yêu thích của đông đảo các tầng lớp thực khách. Phong cách ẩm thực này được ưa chuộng không chỉ bởi hương vị các món ăn đặc sắc mà còn do đậm đà tính bản xứ, hiện đại, đưa người ăn đến với những trải nghiệm mới mẻ. Bạn cũng sẽ dễ dàng nhận thấy sự phổ biến của các nhà hàng nướng – lẩu theo phong cách Hàn – Nhật với mật độ dày đặc trên phố hiện nay. Và một trong những nơi để lại ấn tượng nhất cho thực khách chính là Grill & Cheer Buffet.', 2000, 0, '- Thời hạn sử dụng voucher: từ 17/11/2020 đến 26/02/2021. \r\n\r\n- Địa điểm sử dụng: Hệ thống Grill & Cheer Buffet\r\n\r\n1. Grill & Cheer Sense City - Giga Mall: Lầu 3 – 10, Giga Mall, Số 242 Đường Phạm Văn Đồng, Quận Thủ Đức. ĐT: (028) 3636 3338.\r\n\r\n2. Grill & Cheer Vincom Quận 9: L4-19, Vincom Plaza Lê Văn Việt, Số 50 Lê Văn Việt, Quận 9. ĐT: (028) 3730 5373.\r\n\r\n3. Grill & Cheer An Giang: 224 Trần Hưng Đạo, Khóm Bình Long 3, Mỹ Bình, TP. Long Xuyên. Điện thoại: (029) 6395 9698.\r\n\r\n4. Grill & Cheer Vincom Cần Thơ: L4 – 12+13, Vincom Plaza Xuân Khánh, Số 209, Đường 30/4, Xuân Khánh, Quận Ninh Kiều. Điện thoại: (029) 2373 2233.\r\n\r\n5. Grill & Cheer Bình Dương: Tầng trệt, Khu dân cư Biconsi Phú Hòa, Đường D1, Phường Phú Hòa, TP. Thủ Dầu Một, Bình Dương. Điện thoại: (0274) 2234 568.\r\n\r\n- Áp dụng cho: Buffet thịt nướng và lẩu Hàn - Nhật trưa/ tối tại Hệ thống Grill & Cheer Buffet:\r\n\r\n+ Menu buffet 208,000 VND (đã bao gồm VAT) giảm còn 164,000 VND.\r\n\r\n+ Menu buffet 296,000 VND (đã bao gồm VAT) giảm còn 230,000 VND.\r\n\r\n+ Menu buffet 351,000 VND (đã bao gồm VAT) giảm còn 274,000 VND.\r\n\r\n- Tham khảo menu tại đây: món chính, món khác.\r\n\r\n- Ưu đãi cho nhóm từ 4 khách trở lên sử dụng menu 319.000đ: tặng mỗi khách 1 ly nước ngọt.\r\n\r\n- Thời gian áp dụng: từ 10h - 22h từ thứ 2 đến thứ 6.\r\n\r\n- Không áp dụng cho thứ 7, Chủ nhật và các ngày lễ: 20/11, 24/12, 31/12, 01/01/2021 & 12/02/2021 - 21/02/2021 tức: Tết âm lịch (từ mùng 1 đến mùng 10 Tết).  \r\n\r\n- Sử dụng 01 voucher/01 người.\r\n\r\n- Không giới hạn số lượng voucher/hóa đơn.\r\n\r\n- Đối với trẻ em:\r\n\r\n+ Dưới 1m: miễn phí\r\n\r\n+ Cao từ 1m – dưới 1,3m: giảm giá 50% trên giá buffet\r\n\r\n+ Từ 1,3m trở lên: tính như vé người lớn\r\n\r\n- Giá trên đã bao gồm 10% VAT. Grill & Cheer Buffet chịu trách nhiệm xuất hóa đơn tài chính khi khách hàng yêu cầu (theo giá bán voucher).\r\n\r\n- Không áp dụng cho mua mang về.\r\n\r\n- Một khách hàng được mua nhiều phiếu.\r\n\r\n- Vui lòng liên hệ đặt bàn 02 ngày trước khi đến theo số điện thoại: 028 3730 5373. Nếu nhà hàng đã kín chỗ hoặc khách hàng không đặt chỗ trước, Grill & Cheer Buffet xin cáo lỗi khách hàng và hẹn khách hàng vào thời điểm khác để phục vụ.\r\n\r\n- Thanh toán online nhận ngay voucher điện tử.\r\n\r\n- Thanh toán trả sau nhận voucher giấy miễn phí cho đơn hàng từ 150.000vnđ trở lên, đơn hàng dưới 150.000vnđ thu phí giao hàng 9.000vnđ.', '1. Grill & Cheer Sense City - Giga Mall: Lầu 3 – 10, Giga Mall, Số 242 Đường Phạm Văn Đồng, Quận Thủ Đức. ĐT: (028) 3636 3338.\r\n\r\n2. Grill & Cheer Vincom Quận 9: L4-19, Vincom Plaza Lê Văn Việt, Số 50 Lê Văn Việt, Quận 9. ĐT: (028) 3730 5373.\r\n\r\n3. Grill & Cheer An Giang: 224 Trần Hưng Đạo, Khóm Bình Long 3, Mỹ Bình, TP. Long Xuyên. Điện thoại: (029) 6395 9698.\r\n\r\n4. Grill & Cheer Vincom Cần Thơ: L4 – 12+13, Vincom Plaza Xuân Khánh, Số 209, Đường 30/4, Xuân Khánh, Quận Ninh Kiều. Điện thoại: (029) 2373 2233.\r\n\r\n5. Grill & Cheer Bình Dương: Tầng trệt, Khu dân cư Biconsi Phú Hòa, Đường D1, Phường Phú Hòa, TP. Thủ Dầu Một, Bình Dương. Điện thoại: (0274) 2234 568.', '- Hệ thống Buffet Grill & Cheer hiện có nhiều chi nhánh tại các tỉnh thành, chuyên phục vụ Buffet nướng và lẩu phong cách Hàn – Nhật, thu hút đông đảo thực khách bởi các món ăn ngon cùng không gian sang trọng, ấn tượng.\r\n\r\n- Thực đơn đa dạng với 03 menu khác nhau, giúp thực khách thoải mái lựa chọn, gồm các món thịt nướng như sườn bò Úc đặc biệt, dẻ sườn bò Mỹ, cổ bò Mỹ, lưỡi bò, ba chỉ bò Mỹ, vai cừu Úc, bắp bò Úc, ba chỉ heo, nầm heo, nạc dăm, đùi gà,... không chỉ tươi, xắt lát đúng kỹ thuật mà còn được tẩm ướp với nhiều loại sốt đặc biệt như sốt Grill & Cheer độc quyền tại nhà hàng, sốt Thô Chông, sốt Quang Yang, sốt Obathan, sốt Teriyaki, sốt muối, sốt chao,..\r\n\r\n- Bên cạnh thực đơn món nướng, Grill & Cheer còn phục vụ thực khách các loại lẩu thật ngon miệng như lẩu kim chi cay, lẩu Shabu bò bổ dưỡng, lẩu Shabu hải sản đậm đà. Và tất nhiên, mỗi món lẩu sẽ đi kèm các loại thịt, hải sản, rau và nấm tươi ngon để tạo nên hương thơm và mùi vị thơm ngon khó cưỡng.\r\n\r\n- Buffet line được bày trí bắt mắt với các loại sushi, gỏi cuốn, salad, cơm chiên, quầy tráng miệng với trái cây, chè, kem sẽ tạo nên sự vẹn tròn cho bữa ăn của bạn.\r\n\r\n- Nhà hàng sử dụng than không khói, mang tới không gian lý tưởng, sạch sẽ và không bám mùi.\r\n\r\n- Không gian được bày trí sang trọng, ấn tượng với nhiều khu vực để thực khách lựa chọn. Nội thất, dụng cụ ăn uống & các line buffet được sắp đặt gọn gàng, khéo léo, sạch sẽ.\r\n\r\n- Đầu bếp nhà hàng là người đã có kinh nghiệm lâu năm trong việc chế biến các món ăn Hàn, Nhật.\r\n\r\n- Nhân viên nhà hàng được đào tạo bài bản, phục vụ chuyên nghiệp, luôn niềm nở hướng dẫn tận tình để khách lựa chọn món ngon.\r\n\r\n- Voucher áp dụng cho: Buffet thịt nướng và lẩu Hàn - Nhật trưa/ tối tại Hệ thống Grill & Cheer Buffet:\r\n\r\n+ Menu buffet 208,000 VND (đã bao gồm VAT) giảm còn 164,000 VND.\r\n\r\n+ Menu buffet 296,000 VND (đã bao gồm VAT) giảm còn 230,000 VND.\r\n\r\n+ Menu buffet 351,000 VND (đã bao gồm VAT) giảm còn 274,000 VND.\r\n\r\n- Ưu đãi cho nhóm từ 4 khách trở lên sử dụng menu 319.000đ: tặng mỗi khách 1 ly nước ngọt.\r\n\r\n- Tham khảo menu tại đây: món chính, món khác.', 0, NULL, NULL),
(19, 'Buffet Trưa Lẩu Hong Kong Cao Cấp - Bò Mỹ, Hải Sản Tại LaMe Hotpot', 'buffet-trua-lau-hong-kong-cao-cap---bo-my-hai-san-tai-lame-hotpot', 299000, 40, '361981-buffet-trua-lau-hong-kong-cao-cap-bo-my-hai-san-tai-lame-hotpot.jpg', 23, 'Bạn yêu thích các món lẩu, đặc biệt là lẩu Trung Hoa? Bạn muốn tìm một không gian để thưởng thức những bữa ăn ấm cúng cùng gia đình, bạn bè? Nhà hàng LaMe Hotpot với chương trình Buffet Lẩu Bò Mỹ, Hải Sản Cao Cấp, thực đơn đa dạng cùng hương vị đặc sắc cho bạn thỏa sức khám và trải nghiệm những món ăn tinh túy nhất.', 3000, 0, '- Thời hạn sử dụng voucher: từ 12/11/2020 đến 08/02/2021.\r\n\r\n- Địa điểm sử dụng voucher: Nhà hàng LaMe Hotpot - 545 Phan Văn Trị, Phường 5, Quận Gò Vấp (đối diện siêu thị Emart Gò Vấp). Hotline: 028 6682 6926.\r\n\r\n- Fanpage: https://www.facebook.com/lamehotpot/\r\n\r\n- Áp dụng cho Buffet lẩu trưa bò Mỹ, hải sản cao cấp chuẩn vị Hong Kong.\r\n\r\n- Thời gian áp dụng: 11h - 15h từ thứ 2 đến thứ 6.\r\n\r\n- Trừ Lễ: 24/12, 31/12, 01/01/2021.\r\n\r\n- Sử dụng 01 voucher/01 người/01 lần sử dụng.\r\n\r\n- Chính sách cho trẻ em:\r\n\r\n+ Dưới 1m: miễn phí\r\n\r\n+ Từ 1m đến dưới 1,3m: tính 70% giá vé (thanh toán tại nhà hàng)\r\n\r\n+ Từ 1,3m trở lên: tính như người lớn\r\n\r\n- Nhà hàng nhận phục vụ tối thiểu 2 người trở lên.\r\n\r\n- Không áp dụng mang về.\r\n\r\n- Giá voucher chưa bao gồm 10% VAT, nhà hàng luôn tính VAT khi ra hóa đơn.\r\n\r\n- Khách hàng vui lòng đặt chỗ trước khi đến để được phục vụ tốt nhất qua hotline: 028 6682 6926. Nhà hàng không bảo đảm chỗ ngồi cho khách nếu không đặt chỗ.\r\n\r\n- Khách hàng vui lòng xuất trình voucher trước khi sử dụng & gọi thức ăn vừa đủ, nếu thừa LaMe Hotpot sẽ phụ thu 100,000đ/người.\r\n\r\n- Không áp dụng đồng thời với các chương trình khuyến mãi khác.\r\n\r\n- Thanh toán online nhận ngay voucher điện tử.\r\n\r\n- Thanh toán trả sau nhận voucher giấy miễn phí cho đơn hàng từ 150.000vnđ trở lên, đơn hàng dưới 150.000vnđ thu phí giao hàng 9.000vnđ.', '545 Phan Văn Trị, P.5, Gò Vấp', '- Nhà hàng LaMe Hotpot chuyên về các món lẩu Trung Hoa đặc sắc, khác biệt, mang đến cho quý khách những trải nghiệm về lẩu hoàn toàn mới lạ.\r\n\r\n- Menu phong phú với 6 vị nước lẩu khác nhau: Lẩu Tứ Xuyên, Lẩu Thái, Lẩu Collagen, Lẩu Satay, Lẩu cà chua, Lẩu cải chua.\r\n\r\n- Nước lẩu đậm đà, hấp dẫn, phù hợp với cả những thực khách khó tính nhất, thực khách ăn chay.\r\n\r\n- Menu nhúng đa dạng với hơn 55 loại, gồm các loại bò thượng hạng, hải sản cao cấp, rau nấm tươi xanh…\r\n\r\n- Mì tươi handmade được làm từ bột và các rau củ tự nhiên, không hóa chất bảo quản, đảm bảo cho sức khỏe.\r\n\r\n- Quầy gia vị sốt với hơn 26 loại gia vị, tha hồ mix theo cách riêng của quý khách.\r\n\r\n- Không gian nhà hàng mang đậm phong cách Trung Hoa, sang trọng, thoáng mát.', 0, NULL, NULL),
(20, 'Combo Lẩu Thập Cẩm Tôm Càng + Hàu Cho 2-3 Người Tại Lẩu Tôm Càng Xiên', 'combo-lau-thap-cam-tom-cang-hau-cho-2-3-nguoi-tai-lau-tom-cang-xien', 239000, 29, '361892-combo-lau-thap-cam-tom-cang-hau-cho-2-3-nguoi-tai-lau-tom-cang-xien.jpg', 20, 'Là một trong những quán ăn tiên phong về lẩu tôm càng tại Sài Gòn, Lẩu Tôm Càng Xiên tự tin mang đến cho thực khách những vị nước lẩu độc đáo cùng chất lượng tôm, hải sản luôn đảm bảo tươi sống. Trải qua hơn 6 năm phục vụ và ghi dấu ấn trong lòng nhiều người, đến nay, Lẩu Tôm Càng Xiên đã có 6 chi nhánh ở khắp các quận, trở thành điểm đến quen thuộc của nhiều thực khách. Lần này, Hotdeal mời bạn đến với Lẩu Tôm Càng Xiên chi nhánh 33 Trần Văn Quang, quận Tân Bình và thưởng thức combo lẩu thập cẩm tôm và hàu cho 2-3 người, giá ưu đãi chỉ 169.000 đồng.\r\n\r\n ', 2990, 0, '- Thời hạn sử dụng voucher: từ 06/11/2020 đến 06/02/2021.\r\n\r\n- Địa điểm sử dụng voucher: Lẩu Tôm Càng Xiên - 33 Trần Văn Quang, Phường 10, Quận Tân Bình. ĐT: 0354505999 – 0354505777.\r\n\r\n- Website: lautomcangxien.vn\r\n\r\n- Áp dụng cho Combo Lẩu thập cẩm tôm + hàu cho 2- 3 người tại Lẩu Tôm Càng Xiên.\r\n\r\nCombo gồm:\r\n\r\n+ Lẩu thập cẩm gồm: tôm càng, bò, mực giá trị 159.000 VNĐ\r\n\r\n+ 10 con hàu\r\n\r\n- Giờ áp dụng: 10h - 23h từ thứ 2 - Chủ nhật, áp dụng lễ.\r\n\r\n- Sử dụng 01 voucher/combo.\r\n\r\n- Áp dụng ăn tại chỗ. Không áp dụng mang về.\r\n\r\n- Một khách hàng được mua nhiều phiếu.\r\n\r\n- Không áp dụng đồng thời với các chương trình khuyến mãi khác.\r\n\r\n- Khách hàng vui lòng liên hệ trước khi đến. Trong trường hợp khách hàng không đặt bàn trước, nhà hàng Lẩu Tôm Càng Xiên xin cáo lỗi khách hàng và hẹn khách hàng vào thời điểm khác để phục vụ nếu nhà hàng không còn bàn trống. Hotline: 0354505999 – 0354505777.\r\n\r\n- Phiếu không có giá trị quy đổi thành tiền mặt, không trả lại tiền thừa.\r\n\r\n- Thanh toán online nhận ngay voucher điện tử.\r\n\r\n- Thanh toán trả sau nhận voucher giấy miễn phí cho đơn hàng từ 150.000vnđ trở lên, đơn hàng dưới 150.000vnđ thu phí giao hàng 9.000vnđ.', '33 Trần Văn Quang, phường 10, quận Tân Bình', '- Lẩu Tôm Càng Xiên chuyên phục vụ các món ăn chế biến từ tôm càng.\r\n\r\n- Với 6 chi nhánh ở khắp các quận, Lẩu Tôm Càng Xiên tự tin mang đến cho thực khách những vị nước lẩu độc đáo cùng chất lượng tôm, hải sản luôn đảm bảo tươi sống.\r\n\r\n- Voucher áp dụng cho Combo Lẩu thập cẩm tôm + hàu cho 2 - 3 người tại Lẩu Tôm Càng Xiên. Combo gồm:\r\n\r\n+ Lẩu thập cẩm gồm: tôm càng, bò, mực giá trị 159.000 VNĐ\r\n\r\n+ 10 con hàu\r\n\r\n- Lẩu thập cẩm với nước dùng chua cay rất kích thích vị giác, nguyên liệu nhúng lẩu gồm tôm càng tươi sống vớt từ hồ của quán, thịt bò, mực tạo nên hương vị vô cùng hấp dẫn.\r\n\r\n- Nước lẩu chế biến từ 100% rau quả tươi, không sử dụng bột lẩu hay hương vị nhân tạo nào khác, đảm bảo sức khỏe cho quý khách.\r\n\r\n- Không gian thoáng mát, bàn ghế rộng rãi, thoải mái khi dùng bữa.\r\n\r\n- Phong cách phục vụ chu đáo, nhiệt tình.', 0, NULL, '2020-12-04 08:25:00'),
(21, 'Set Menu Món Âu Dành Cho 02 Người Tại The Olive Steak House', 'set-menu-mon-au-danh-cho-02-nguoi-tai-the-olive-steak-house', 799000, 49, '362056-set-menu-mon-au-danh-cho-02-nguoi-tai-the-olive-steak-house.jpg', 20, 'Set Menu Món Âu Dành Cho 02 Người Tại The Olive Steak House', 2999, 0, '- Thời hạn sử dụng voucher: từ 23/11/2020 đến 23/02/2021.\r\n\r\n- Địa điểm sử dụng voucher: The Olive Steakhouse - 102/7 Cống Quỳnh, Phường Phạm Ngũ Lão, Quận 1. Hotline: 090 941 7199.\r\n\r\n- Facebook: https://www.facebook.com/TheOliveSteakHouse\r\n\r\n- Khách hàng chọn 01 trong 02 menu sau:\r\n\r\nMENU 01:\r\n\r\n* 02 món khai vị (starter) gồm:\r\n\r\n+ 01 phần Mỳ Mamma Meatballs\r\n\r\n+ 01 phần Mỳ Ý tôm sú sốt Alfredo\r\n\r\n* Món chính (main course) gồm:\r\n\r\n+ 02 phần Steak Ribeye thăn vai bò Úc (Định lượng: 200 gram/ phần)\r\n\r\n* Tráng miệng gồm:\r\n\r\n+ 02 phần tráng miệng Panna Cotta/ Tiramisu\r\n\r\nMENU 02:\r\n\r\n* 02 món khai vị (starter) gồm:\r\n\r\n+ 01 phần Tôm sú sốt Sriracha chua ngọt\r\n\r\n+ 01 phần Mỳ Ý cua sốt kem và cà chua\r\n\r\n* Món chính (main course) gồm:\r\n\r\n+ 02 phần Steak Ribeye thăn vai bò Úc (Định lượng: 200 gram/ phần)\r\n\r\n* Tráng miệng gồm:\r\n\r\n+ 02 phần tráng miệng Panna Cotta/ Tiramisu\r\n\r\n- Thời gian áp dụng: 11h30 - 22h từ thứ 3 - Chủ nhật, không áp dụng lễ tết.\r\n\r\n- Break time: 15h - 17h.\r\n\r\n- Giá set menu chưa bao gồm 5% phí dịch vụ, quý khách vui lòng thanh toán thêm 5% sau khi sử dụng dịch vụ\r\n\r\n- Sử dụng 01 voucher/01 menu (không bù tiền).\r\n\r\n- Áp dụng tại chỗ, không áp dụng mua mang về.\r\n\r\n- Khách hàng liên hệ Hotline: 090 941 7199 để đặt chỗ trước khi đến (Trong trường hợp khách hàng không gọi đặt bàn trước hoặc đã kín chỗ, nhà hàng xin cáo lỗi và hẹn phục vụ khách hàng vào thời điểm khác).\r\n\r\n- Thanh toán online nhận ngay voucher điện tử.\r\n\r\n- Thanh toán trả sau nhận voucher giấy miễn phí cho đơn hàng từ 150.000vnđ trở lên, đơn hàng dưới 150.000vnđ thu phí giao hàng 9.000vnđ.', 'The Olive Steakhouse Cống Quỳnh: 102/7 Cống Quỳnh, Phường Phạm Ngũ Lão, Quận 1.', '- Nhà hàng The Olive Steakhouse nằm ngay trung tâm Quận 1, thuận tiện cho việc đi lại.\r\n\r\n- Đến Olive Steakhouse, thực khách sẽ được thưởng thức những bữa ăn thịnh soạn theo phong cách Âu với mức giá phải chăng, xứng tầm chất lượng.\r\n\r\n- Thực đơn đa dạng, bao gồm: các món soup, salad, mỳ Ý, BBQ,... và đặc biệt là các món beefsteak tuyệt hảo như Tenderloin, Ribeye, Striploin, Oyster Blade ăn kèm với 1 trong 5 loại sốt đặc biệt của nhà hàng: sốt tiêu, sốt phô mai, sốt kem nấm, mù tạt, rượu vang.\r\n\r\n- Món beefsteak tại Olive Steakhouse được chế biến từ thịt bò Úc nhập khẩu chất lượng cao.\r\n\r\n- Đội ngũ đầu bếp của nhà hàng có nhiều năm kinh nghiệm trong việc nấu các món Âu và có trải nghiệm sâu rộng với nền ẩm thực phương Tây.\r\n\r\n- Không gian sang trọng, cổ điển, lãng mạn, độc đáo không kém phần hiện đại tại Olive Steak House khiến cho thực khách có cảm giác như đang tận hưởng bữa ăn trong một góc nhỏ trời Tây giữa lòng Sài Gòn.', 0, NULL, '2020-12-04 08:30:56'),
(22, 'Hệ Thống Buzza Pizza - Pizza Tự Chọn Cho 02 Người Giá rẻ', 'he-thong-buzza-pizza---pizza-tu-chon-cho-02-nguoi-gia-re', 180000, 50, '362046-he-thong-buzza-pizza-pizza-tu-chon-cho-02-nguoi.jpg', 20, 'Pizza là món ăn trứ danh của ẩm thực Ý, được thực khách khắp nơi trên thế giới ưa chuộng. Tại TPHCM, Buzza Pizza – nhà hàng chuyên phục vụ món Ý chắc chắn sẽ khiến các tín đồ Pizza có thể thỏa mãn cơn thèm của mình với thực đơn Pizza đa dạng, hương vị cực ngon và giá cả rất phải chăng.', 2996, 0, '- Thời hạn sử dụng voucher: từ 23/11/2020 đến hết 13/03/2021.\r\n\r\n- Địa chỉ sử dụng voucher: Hệ thống 02 chi nhánh Buzza Pizza. Hotline: 1900 98 98 07 (từ 9h - 18h).\r\n\r\n1/ Buzza Pizza Gò Vấp: Emart Gò Vấp, 366 Phan Văn Trị, Phường 5, Quận Gò Vấp.\r\n\r\n2/ Buzza Pizza Quận 7: 51-53 Nguyễn Thị Thập, Phường Tân Hưng, Quận 7.\r\n\r\n- Website:  http://buzzapizza.vn/\r\n\r\n- Voucher áp dụng cho Pizza truyền thống tự chọn size 30cm 01 trong 04 loại sau:\r\n\r\n1. Gorgonzola Pizza - Pizza sốt kem phủ phô mai Gorgonzola dùng kèm mật ong\r\n\r\n2. Diavola Pizza - Pizza phô mai sốt cà nhân xúc xích xông khói\r\n\r\n3. Chicken BBQ Pizza - Pizza phô mai sốt BBQ nhân thịt gà\r\n\r\n4. Margherita Pizza - Pizza phô mai sốt cà\r\n\r\n- Thời gian phục vụ: 10h30 - 22h từ thứ 2 đến thứ 6. Không áp dụng thứ 7, chủ nhật & lễ (20/11, 24/12, 25/12, 30/12, 1/1, 14/2).\r\n\r\n- Lịch nghỉ Tết: từ 04/02/2020 đến hết 21/02/2021.\r\n\r\n- Sử dụng 01 voucher/ 01 pizza. Tối đa 02 voucher/ bàn/ bill.\r\n\r\n- Giá trên chưa bao gồm 10% VAT. Nhà hàng luôn phụ thu 10% VAT khi ra bill.\r\n\r\n- Áp dụng tại chỗ. Không áp dụng mang về.\r\n\r\n- Khách hàng vui lòng không sử dụng đồ ăn thức uống từ bên ngoài vào nhà hàng.\r\n\r\n- Khách hàng vui lòng liên hệ đặt chỗ trước khi đến để đảm bảo còn chỗ. Nhà hàng xin cáo lỗi & hẹn phục vụ vào thời điểm khác nếu khách hàng không đặt chỗ trước hoặc nhà hàng không còn chỗ trống.\r\n\r\n- Không áp dụng đồng thời với các chương trình khuyến mãi khác.\r\n\r\n- Phiếu không có giá trị quy đổi thành tiền mặt, không trả lại tiền thừa.\r\n\r\n- Thanh toán online nhận ngay voucher điện tử.', 'Buzza Pizza quận 7: Tầng 1, 51 - 53 Nguyễn Thị Thập, P. Tân Hưng, Quận 7,TP. HCM', '- Buzza Pizza là nhà hàng Ý phục vụ nhiều món ngon hợp khẩu vị cả thực khách Việt và thực khách nước ngoài như: Pizza, Pasta, Steak, Texas BBQ, Korean Grill, Salad, thức uống...\r\n\r\n- Không gian phong cách Tây Âu sang trọng, tựa như thiên đường nước Ý thu nhỏ, cho thực khách cảm giác như đang thưởng thức món Âu giữa trời Tây.\r\n\r\n- Đầu bếp nước ngoài và Việt Nam chuyên về ẩm thực Âu.\r\n\r\n- Nguyên liệu cao cấp hoàn toàn nhập khẩu. Tất cả các nguyên liệu, quy trình ủ bột, làm bánh, lò nướng, phương thức chế biến đều mang đậm phong cách Ý.\r\n\r\n- Tất cả các nguyên liệu, quy trình ủ bột, làm bánh, lò nướng, phương thức chế biến đều mang đậm phong cách Ý.\r\n\r\n- Voucher áp dụng cho Pizza truyền thống tự chọn size 30cm 01 trong 04 loại sau:\r\n\r\n1. Gorgonzola Pizza - Pizza sốt kem phủ phô mai Gorgonzola dùng kèm mật ong\r\n\r\n2. Diavola Pizza - Pizza phô mai sốt cà nhân xúc xích xông khói\r\n\r\n3. Chicken BBQ Pizza - Pizza phô mai sốt BBQ nhân thịt gà\r\n\r\n4. Margherita Pizza - Pizza phô mai sốt cà', 0, NULL, '2020-12-04 08:30:56'),
(24, 'Đắp Nạ Collagen, Tặng Gội Đầu Thảo Dược Chuyên Nghiệp - Lavender Spa', 'dap-na-collagen-tang-goi-dau-thao-duoc-chuyen-nghiep---lavender-spa', 500000, 80, 'hinh1.jpg', 21, '90 Phút Massage Body Đá Nóng + Chăm Sóc Mặt Trắng Sáng + Đắp Nạ Collagen, Tặng Gội Đầu Thảo Dược Chuyên Nghiệp - Lavender Spa. Voucher 500,000 VNĐ, Còn 99,000 VNĐ, Giảm 80%. Chỉ Có Tại Hotdeal.vn!', 1000, 0, 'Thời hạn sử dụng voucher: từ 28/09/2020 đến 28/12/2020.\r\n- Áp dụng cả nữ và nam Combo 90 phút Massage body đá nóng + Foot + Chăm sóc mặt trắng sáng + Đắp mặt nạ trắng da, tặng khách hàng trải nghiệm gội đầu thảo dược chuyên nghiệp tại Lavender Spa.\r\n\r\n- Tip tùy ý.\r\n\r\n- Giờ phục vụ: 9h - 20h, tất cả các ngày trong tuần (thứ 2 nghỉ) và không áp dụng các ngày lễ.\r\n\r\n- Sử dụng 01 phiếu/ 01 người/ 1 lần (không bù tiền). Một khách hàng sử dụng tối đa 3 phiếu cho bản thân.\r\n\r\n- Áp dụng cả nam và nữ.\r\n\r\n- Một khách hàng được mua nhiều phiếu để sử dụng, hoặc tặng người thân và bạn bè.\r\n\r\n- Không áp dụng đồng thời với các chương trình khuyến mãi khác.\r\n\r\n- Khách hàng vui lòng đặt chỗ trước khi đến để được phục vụ tốt nhất.\r\n\r\n- Phiếu không có giá trị quy đổi thành tiền mặt, không trả lại tiền thừa.\r\n\r\n- Thanh toán online nhận ngay voucher điện tử.\r\n\r\n- Thanh toán trả sau nhận voucher giấy miễn phí cho đơn hàng từ 150.000vnđ trở lên, đơn hàng dưới 150.000vnđ thu phí giao hàng 9.000vnđ.', ' Địa điểm sử dụng voucher: Spa Lavender - 192/73 Nguyễn Oanh, Phường 17, Quận Gò Vấp - Hotline: 0902 434 708.', '- Áp dụng cả nữ và nam Combo 90 phút Massage body đá nóng + Foot + Chăm sóc mặt trắng sáng + Đắp mặt nạ trắng da, tặng khách hàng trải nghiệm gội đầu thảo dược chuyên nghiệp tại Lavender Spa.\r\n\r\n- Spa Lavender là một trong số các chi nhánh của Viện chăm sóc da Dermalogica nổi tiếng, được nhiều khách hàng tin tưởng lựa chọn.\r\n\r\n- Spa cung cấp nhiều dịch vụ chăm sóc sắc đẹp chuyên nghiệp như trị mụn, làm trắng da, hút chì thải độc tố, trị nám, tàn nhang…\r\n\r\n- Với liệu trình bài bản kết hợp cùng mỹ phẩm của thương hiệu Dermalogical danh tiếng, Spa Lavender sẽ mang đến cho bạn làn da hoàn hảo cùng vẻ đẹp rạng rỡ theo thời gian.\r\n\r\n- Spa trang bị nhiều máy móc, thiết bị công nghệ tiên tiến phục vụ hiệu quả cho việc chăm sóc da.\r\n\r\n- Đội ngũ chuyên viên tay nghề cao, nhiều năm kinh nghiệm trong nghề.\r\n\r\n- Không gian thiết kế ấm cúng, nhẹ nhàng và yên tĩnh.', 0, NULL, '2020-12-02 10:43:01'),
(25, 'Chăm sóc cơ thể', 'cham-soc-co-the', 150000, 98, 'hinh2.jpg', 21, '15 Lần Triệt Lông Vĩnh Viễn Bảo Hành 5 Năm Tặng Liệu Trình Trị Thâm, Trẻ Hóa Hoặc Chăm Sóc Da Nếu Đi 2 Người – Không Đau Rát, An Toàn Tại Thẩm Mỹ Jo Beauty', 123, 0, 'Thời hạn sử dụng voucher: từ 13/11/2020 đến 13/02/2021.\r\nÁp dụng cho Combo 15 lần triệt lông vĩnh viễn - Bảo hành trong vòng 5 năm, siêu nhanh, không phát sinh thêm chi phí, an toàn hiệu quả 100% sau buổi thứ 5, trẻ hóa da.\r\n\r\n- Công nghệ hiện đại IPL – OPT mới nhất với đầu tuyết lạnh -10 độ C trực tiếp giúp triệt sạch lông nhanh GẤP 3 LẦN các công nghệ cũ, không đau rát, không châm chích. Sáng da, mờ thâm, se khít lỗ chân lông, mịn da,…\r\n\r\n- Số lượng voucher áp dụng cho từng vùng như sau:\r\n\r\n+ Mép/ nách: sử dụng 01 voucher/01 gói/01 người (không phát sinh thêm)\r\n\r\n+ Mặt (bao gồm mép)/ nửa chân: sử dụng 05 voucher/01 gói/01 người (không phát sinh thêm)\r\n\r\n+ Tay/ nửa chân: sử dụng 08 voucher/01 gói/01 người (không phát sinh thêm)\r\n\r\n+ Chân full/ bikini: sử dụng 10 voucher/01 gói/01 người (không phát sinh thêm)\r\n\r\n- Đặc biệt: Khi đi 2 người trở lên được tặng 1 liệu trình trẻ hóa da trị thâm hoặc chăm sóc da cơ bản cho nam và nữ.\r\n\r\n- Áp dụng cho nam và nữ. Không áp dụng bikini cho nam.\r\n\r\n- Khách hàng nên đi hết 10 lần trong vòng 6 tháng để đạt hiệu quả tối ưu.\r\n\r\n- Áp dụng từ thứ Hai đến Chủ nhật. Kể cả lễ. Giờ áp dụng: 9h30 - 19h30.\r\n\r\n- Một khách hàng được mua nhiều phiếu.\r\n\r\n- Không áp dụng đồng thời với các chương trình khuyến mãi khác.\r\n\r\n- Khách hàng vui lòng đặt chỗ trước khi đến để được phục vụ tốt nhất.\r\n\r\n- Phiếu không có giá trị quy đổi thành tiền mặt, không trả lại tiền thừa.\r\n\r\n- Thanh toán online nhận ngay voucher điện tử.\r\n\r\n- Thanh toán trả sau nhận voucher giấy miễn phí cho đơn hàng từ 150.000vnđ trở lên, đơn hàng dưới 150.000vnđ thu phí giao hàng 9.000vnđ.', '- Địa điểm sử dụng voucher: Thẩm mỹ Jo Beauty – 662/43 Sư Vạn Hạnh, Phường 12, Quận 10. Hotline: 0522 11 13 17.', '- Thẩm mỹ Jo Beauty là địa chỉ chuyên làm đẹp và điều trị da chuyên sâu.\r\n\r\n- Các dịch vụ nổi bật: điều trị mụn, trẻ hóa da, thải độc tố da, giảm béo, triệt lông…\r\n\r\n- Hệ thống cơ sở vật chất được đầu tư rất hiện đại, ứng dụng nhiều công nghệ, máy móc thẩm mỹ tiên tiến nhất hiện nay.\r\n\r\n- Jo Beauty chỉ sử dụng những dòng sản phẩm chăm sóc và điều trị da lành tính từ thiên nhiên hoặc sản phẩm có thương hiệu uy tín, đảm bảo an toàn cho làn da và sức khỏe của khách hàng.\r\n\r\n- Không gian được thiết kế tinh tế, thoáng mát, thoảng hương tinh dầu và tiếng nhạc êm ái, dễ chịu, là nơi lý tưởng để bạn thư giãn, giúp cơ thể phục hồi năng lượng sau những ngày làm việc mệt mỏi.\r\n\r\n- Đội ngũ nhân viên với phong cách phục vụ chuyên nghiệp, chu đáo, tận tình.\r\n\r\n- Voucher áp dụng cho Combo 15 lần triệt lông vĩnh viễn - Bảo hành trong vòng 5 năm, siêu nhanh, không phát sinh thêm chi phí, an toàn hiệu quả 100% sau buổi thứ 5, trẻ hóa da.\r\n\r\n- Công nghệ hiện đại IPL – OPT mới nhất với đầu tuyết lạnh -10 độ C trực tiếp giúp triệt sạch lông nhanh GẤP 3 LẦN các công nghệ cũ, không đau rát, không châm chích. Sáng da, mờ thâm, se khít lỗ chân lông, mịn da,…\r\n\r\n- Đặc biệt: Khi đi 2 người trở lên được tặng 1 liệu trình trẻ hóa da trị thâm hoặc chăm sóc da cơ bản cho nam và nữ.', 0, NULL, NULL),
(26, 'Gói Làm Tóc Vip Schwarzkopf Tặng Tinh Dầu Dưỡng Tóc Tại Cây Kéo Vàng Quốc Huy Chi Nhánh 6 Top 10 Sal', 'goi-lam-toc-vip-schwarzkopf-tang-tinh-dau-duong-toc-tai-cay-keo-vang-quoc-huy-chi-nhanh-6-top-10-sal', 1500000, 81, 'hinh3.jpg', 21, '“Cái răng cái tóc là gốc con người” – đó cũng là lý do vì sao bên cạnh việc chọn lựa trang phục, trang điểm thì một kiểu tóc phù hợp cũng chính là cách để bạn tỏa sáng hơn với vẻ ngoài trẻ trung, quyến rũ. Do vậy, việc chọn kiểu tóc phù hợp với khuôn mặt để che giấu các khuyết điểm, làm nổi bật những ưu điểm và giúp chủ nhân trông trẻ hơn luôn là vấn đề được mọi quý cô quan tâm hàng đầu. Hiểu được điều đó, Hotdeal mang đến cho bạn cơ hội lựa chọn 1 trong 4 dịch vụ làm tóc trọn gói tại Salon Quốc Huy chỉ với 279.000 đồng, thay đổi kiểu tóc để trở nên trẻ trung, duyên dáng và xinh đẹp hơn.\r\n\r\n ', 20, 0, '- Thời hạn sử dụng voucher: từ 18/09/2020 đến 18/12/2020.\r\n\r\n- Địa điểm sử dụng voucher: Salon Quốc Huy chi nhánh 6: 20 Bàn Cờ, Phường 3, Quận 3, TPHCM. ĐT: 0936 22 33 95.\r\n\r\n- Fanpage: https://www.facebook.com/pg/salonquochuy/photos/\r\n\r\n- Áp dụng cho 1 trong 4 gói làm tóc sử dụng sản phẩm cao cấp Schwarzkopf (khách hàng không bù thêm bất kỳ chi phí nào). Bao gồm:\r\n\r\nGói 01: Nhuộm màu hot nhất hiện nay + cắt + gội + sấy tạo kiểu + Phục hồi Collagen cao cấp\r\n\r\nGói 02: Duỗi thẳng tự nhiên/ duỗi cúp phồng/ duỗi dợn sóng + cắt + gội + sấy tạo kiểu + Phục hồi Collagen cao cấp\r\n\r\nGói 03: Uốn lạnh/ uốn dợn/ uốn cúp phồng/ uốn lọn + cắt + gội + sấy tạo kiểu + Phục hồi Collagen cao cấp\r\n\r\nGói 04: Bấm xù làm phồng chân tóc + cắt + gội + sấy tạo kiểu + Phục hồi Collagen cao cấp\r\n\r\n- Thời gian: 9h - 21h, tất cả các ngày trong tuần. Áp dụng cả lễ.\r\n\r\n- Sử dụng 01 voucher/ 01 người/ trọn gói dịch vụ (không bù tiền với bất kỳ độ dài nào của tóc).\r\n\r\n- Tặng 50 chai tinh dầu dưỡng tóc cao cấp cho 50 khách hàng đầu tiên.\r\n\r\n- Salon uy tín cam kết bảo hành 3 đến 6 tháng về chất lượng mái tóc sau khi làm.\r\n\r\n- Khách hàng vui lòng đặt chỗ trước khi đến. Hotline: 0936 22 33 95.\r\n\r\n- Không áp dụng đồng thời với các chương trình khuyến mãi khác.\r\n\r\n- Phiếu không có giá trị quy đổi thành tiền mặt, không trả lại tiền thừa.\r\n\r\n- Thanh toán online nhận ngay voucher điện tử.\r\n\r\n- Thanh toán trả sau nhận voucher giấy miễn phí cho đơn hàng từ 150.000vnđ trở lên, đơn hàng dưới 150.000vnđ thu phí giao hàng 9.000vnđ.', '- Địa điểm sử dụng voucher: Salon Quốc Huy chi nhánh 6: 20 Bàn Cờ, Phường 3, Quận 3, TPHCM. ĐT: 0936 22 33 95.\r\n\r\n- Fanpage: https://www.facebook.com/pg/salonquochuy/photos/', '- Salon Quốc Huy là địa chỉ chăm sóc tóc hoàn hảo dành cho giới trẻ.\r\n\r\n- Chủ salon là người trực tiếp thực hiện và tư vấn tạo kiểu, từng đạt các danh hiệu uy tín: Cây Kéo Vàng toàn quốc năm 2010, 2013… và các giải thưởng danh giá khác tự tin sẽ mang đến cho khách hàng những kiểu tóc đẹp theo ý muốn.\r\n\r\n- Salon luôn cập nhật những xu hướng tóc mới nhất trong và ngoài nước.\r\n\r\n- Không gian rộng rãi, thoáng mát, trang thiết bị hiện đại.\r\n\r\n- Ngoài làm tóc, Salon còn cung cấp những dịch vụ khác như: trang điểm, làm móng, bới tóc dạ tiệc…\r\n\r\n- Sử dụng các sản phẩm chăm sóc tóc cao cấp, không gây tổn hại cho tóc.\r\n\r\n- Giá cả dịch vụ hợp lý.\r\n\r\n- Voucher áp dụng cho 1 trong 4 gói làm tóc sử dụng sản phẩm cao cấp Schwarzkopf (khách hàng không bù thêm bất kỳ chi phí nào).\r\n\r\n- Tặng 50 chai tinh dầu dưỡng tóc cao cấp cho 50 khách hàng đầu tiên.', 0, NULL, NULL),
(27, 'Buffet Nail: Sơn Gel Cao Cấp, Chà Gót, Tẩy Tế Bào Chết, Dưỡng Da, Cắt Da Tay Chân Chỉ Có Tại Trung T', 'buffet-nail-son-gel-cao-cap-cha-got-tay-te-bao-chet-duong-da-cat-da-tay-chan-chi-co-tai-trung-tam-th', 260000, 50, 'hinh4.jpg', 21, 'Ngoài làn da sáng đẹp, mái tóc hợp mốt thì một bộ móng chân, móng tay được cắt tỉa cẩn thận, khéo léo cùng màu sắc sinh động sẽ góp phần giúp bạn gái thêm cá tính và nổi bật hơn trước đám đông. Đó là lý do tại sao chăm sóc và làm đẹp móng đã trở thành một nhu cầu thiết yếu của chị em. Đến với voucher lần này của Trung tâm Thẩm mỹ LaLi, chị em sẽ được \"chiêu đãi\" bữa tiệc buffet làm đẹp \"thịnh soạn\" với 3 lựa chọn hấp dẫn.\r\n\r\n \r\n\r\n1. Buffet 1: Cắt da tay + Cắt da chân + Sơn gel cao cấp tay + Sơn gel cao cấp chân.\r\n\r\n2. Buffet 2: Cắt da tay/ chân + Tẩy tế bào chết tay/ chân + Dưỡng da + Sơn gel cao cấp.\r\n\r\n3. Buffet 3: Cắt da chân + Chà gót + Tẩy tế bào chết + Dưỡng da + Sơn gel cao cấp.\r\nVề Trung tâm Thẩm mỹ LaLi\r\n\r\nTrung tâm Thẩm mỹ LaLi là trường đào tạo nghề thẩm mỹ chuyên nghiệp, uy tín. Trường đào tạo dạy học nghề thẩm mỹ chuyên nghiệp LaLi được thành lập từ năm 2005 và điều hành bởi những Thạc sĩ, Bác sĩ có trình độ chuyên môn cao, giàu kinh nghiệm và đầy tâm huyết trong ngành thẩm mỹ. Trường dạy nghề thẩm mỹ chuyên nghiệp LaLi được cấp phép giảng dạy các khóa học từ cơ bản đến chuyên sâu, cung cấp các chương trình đào tạo hàng đầu trong lĩnh vực thẩm mỹ chuyên môn và được đánh giá là nơi dạy nghề thẩm mỹ uy tín, chất lượng.\r\n\r\n', 15, 0, '- Thời hạn sử dụng voucher: từ 02/12/2020 đến 02/03/2021.\r\n\r\n- Website: www.truongthammylali.com\r\n\r\n- Facebook: https://www.facebook.com/truongthammylali/\r\n\r\n- Áp dụng cho chọn 1 trong 3 buffet dịch vụ:', '- Địa điểm sử dụng voucher: Trung tâm Thẩm mỹ LaLi - 413C Trường Chinh, Phường 14, Quận Tân Bình, TP. Hồ Chí Minh. Hotline: 0937697826.', '- Trung tâm Thẩm mỹ LaLi cung cấp nhiều dịch vụ làm đẹp được chị em ưa chuộng như làm móng, làm tóc...\r\n\r\n- LaLi sử dụng sản phẩm chăm sóc móng với màu sơn chất lượng, giữ màu lâu và không làm hại cho móng chắc chắn sẽ khiến bạn hài lòng và hoàn toàn yên tâm.\r\n\r\n- Chủ Salon là cô Vân Anh hiện là thành viên hội dạy nghề Tóc và Thẩm mỹ tại TP.HCM sẽ trực tiếp hướng dẫn và tư vấn cho khách hàng về cách chăm sóc thẩm mỹ, để bạn có được mái tóc hay bộ móng đẹp mắt, vừa ý.', 0, NULL, NULL),
(28, 'Hệ Thống Exciter Sports - Trọn Gói 4 Tuần Tập Gym, Yoga, Kick Boxing, Zumba,... Không Giới Hạn - Tặn', 'he-thong-exciter-sports---tron-goi-4-tuan-tap-gym-yoga-kick-boxing-zumba-khong-gioi-han---tang-02-bu', 1000000, 75, 'hinh5.jpg', 22, 'Các bộ môn Gym, Yoga, Kick Boxing, Zumba, Sexy Dance, TRX, Workout, Tabata hiện nay đang là trào lưu rất hot trên toàn thế giới. Nắm bắt được xu hướng ấy, Exciter Sports đã cập nhật những bộ môn cùng với đội ngũ HLV chuyên môn cao đầy nhiệt huyết. Kết hợp với âm nhạc sôi động, những buổi tập của các bộ môn không chỉ giúp bạn cải thiện vóc dáng, sức khỏe rõ rệt mà còn mang lại niềm vui, xả stress sau một ngày dài làm việc căng thẳng. Voucher lần này của Hotdeal là 01 suất ưu đãi tập không giới hạn trong 04 tuần tại Exciter Sports với chỉ 250.000 đồng, kèm nhiều ưu đãi đặc biệt dành cho khách hàng Hotdeal.', 100, 0, 'Thời hạn sử dụng voucher: từ 26/10/2020 đến 26/01/2021.', '- Địa điểm áp dụng voucher: Hệ thống Exciter Sports:\r\n\r\n1/ Gò Vấp: 108B Đường số 5, Lê Đức Thọ, Phường 17, Quận Gò Vấp, Tp.HCM – Hotline: 0904 902 123\r\n\r\n2/ Tòa nhà CBD - Quận 2: 125 Đồng Văn Cống, Phường Thạnh Mỹ Lợi, Quận 2, Tp.HCM - Hotline: 0823 202 123', '- Exciter Sports hoạt động với phương châm \"Don\'t Think - Just Move\", là nơi tuyệt vời để thay đổi cơ thể và lối sống của bạn.\r\n\r\n- Exciter Sports hiện có 08 chi nhánh tại Tp. HCM và Bình Dương.\r\n\r\n- Exciter Sports có đầy đủ các bộ môn: Yoga, Zumba, Workout, Sexy Dance, Boxing, TRX, Sauna...\r\n\r\n- Đội ngũ HLV chuyên nghiệp tận tình.', 0, NULL, NULL),
(29, 'SUỐI TIÊN - Vé Cổng + Nhiều Trò Chơi Siêu Náo Nhiệt', 'suoi-tien---ve-cong-nhieu-tro-choi-sieu-nao-nhiet', 250000, 36, '357889-suoi-tien-ve-cong-nhieu-tro-choi-sieu-nao-nhiet.jpg', 22, ' Chẳng cần đáp máy bay tới tận các công viên nổi tiếng trên thế giới ở Mỹ, Hokong, Nhật Bản… giờ đây, chỉ bằng một tấm vé bước qua cánh cổng thần kỳ của Suối Tiên, một thiên đường vui chơi đầy sắc màu với hàng trăm công trình giải trí đẳng cấp sẽ mở ra trước mắt bạ\r\nSuối Tiên - Vùng đất Tứ Linh với Long Lân Quy Phụng lần đầu tiên xuất hiện tại Hotdeal mang đến siêu ưu đãi cho khách hàng, bao gồm: Vé vào cổng và tham gia 10 trò chơi giải trí, khám phá, cảm giác mạnh cực kỳ hấp dẫn & vui nhộn 2019. Các trò chơi bao gồm: 1. Thủy Cung, 2. Vương Quốc Cá Sấu, 3. Đĩa Xoáy Thiên Hà, 4. Quá Khứ Vị Lai Cung, 5. Bí Mật Rừng Phù Thủy, 6. Thuyền Rồng, 7. Tàu Lượn Mini, 8. Xe Cáp Treo Du Lịch, 9. Du Thuyền Tứ Linh Thiên Nga, 10. Massage Cá.\r\n\r\n', 100, 0, 'Thời hạn sử dụng: từ 26/05/2020 đến 31/03/2021.Suối Tiên - Vùng đất Tứ Linh với Long Lân Quy Phụng lần đầu tiên xuất hiện tại Hotdeal mang đến siêu ưu đãi cho khách hàng, bao gồm: Vé vào cổng và Tham gia 10 trò chơi giải trí, khám phá, cảm giác mạnh cực kỳ hấp dẫn & vui nhộn 2019. Không bao gồm công viên nước.\r\n\r\n* Chi tiết voucher áp dụng như sau:\r\n\r\n- Người lớn trên 1,4m: Voucher 400,000đ ưu đãi chỉ còn 249.000đ.\r\n\r\n- Trẻ em 1m – 1,4m: Voucher 250,000đ ưu đãi chỉ còn 159.000đ.\r\n\r\n- Trẻ em dưới 1m: miễn phí vé cổng và các trò chơi (không bao gồm các trò chơi ở khu Vương Quốc Thiên Tài Tương Lai), muốn tham gia các trò chơi phải có người lớn đi kèm.\r\n\r\n- Cách thức đổi vé:\r\n\r\n+ Vé giấy: Khách hàng xuất trình vé tại cổng Suối Tiên.\r\n\r\n+ Vé điện tử: Khách hàng xuất trình điện thoại có hiển thị mã e-voucher trong tin nhắn Hotdeal tại phòng điều hành hướng dẫn du lịch.\r\n\r\n* Danh sách 10 trò chơi áp dụng:\r\n\r\n1. Thủy Cung\r\n\r\n2. Vương Quốc Cá Sấu\r\n\r\n3. Đĩa Xoáy Thiên Hà\r\n\r\n4. Quá Khứ Vị Lai Cung\r\n\r\n5. Bí Mật Rừng Phù Thủy\r\n\r\n6. Thuyền Rồng\r\n\r\n7. Tàu Lượn Mini\r\n\r\n8. Xe Cáp Treo Du Lịch\r\n\r\n9. Du Thuyền Tứ Linh Thiên Nga\r\n\r\n10. Massage Cá\r\n\r\n- Bảng giá tham khảo: https://www.suoitien.com/gia-ve/bang-gia-khach-le-1\r\n\r\n- Giờ mở cửa: 8h00 – 17h tất cả các ngày trong tuần. Không áp dụng lễ (Giỗ Tổ Hùng Vương, 30/4, 1/5, 2/9, Tết Tây 1/1). Lịch nghỉ Tết: Mùng 1 Tết Nguyên đán (12/02/2021) đến hết mùng 10 Tết Nguyên đán (21/02/2021).\r\n\r\n- Sử dụng 01 voucher/01 người/01 lần (không bù thêm tiền).\r\n\r\n- Voucher đã mua không đổi trả với bất cứ mọi trường hợp.\r\n\r\n- Một khách hàng được mua nhiều phiếu.\r\n\r\n- Không áp dụng đồng thời với các chương trình khuyến mãi khác.\r\n\r\n- Phiếu không có giá trị quy đổi thành tiền mặt, không trả lại tiền thừa.\r\n\r\n- Thanh toán online nhận ngay voucher điện tử.', '- Địa điểm sử dụng voucher: Công viên Du lịch Văn hóa Suối Tiên – Số 120 Xa Lộ Hà Nội, P. Tân Phú, Quận 9, TPHCM - Hotline: 0914 347 787 – 1900 636 787.', '- Công viên Du lịch Văn hóa Suối Tiên – Thiên đường giải trí trong mơ với những trải nghiệm bất ngờ!\r\n\r\n- Với hơn 150 công trình vui chơi – giải trí “độc nhất vô nhị”, Suối Tiên mang đến những cuộc vui bất tận cho du khách mọi lứa tuổi:\r\n\r\n+ Tìm về ký ức tuổi thơ với 99 trò chơi liên hoàn tại Vương Quốc Thiên Tài Tương Lai.\r\n\r\n+ Hóa thân thành công chúa, hoàng tử của vương quốc mùa đông tại Lâu Đài Tuyết.\r\n\r\n+ Khám phá các mê cung kỳ bí, ẩn chứa bí mật cổ xưa tại Lâu Đài Phép Thuật, Kỳ Lân Cung, Phụng Hoàng Tiên.\r\n\r\n+ Du hành vào vũ trụ không trọng lực, thám hiểm dãy ngân hà tại Đĩa Bay Hành Tinh Lạ, Vòng Xoay Vũ Trụ.\r\n\r\n+ Trải nghiệm tốc độ và những vòng uốn lượn tuyệt vời trên Tàu Lượn Siêu Tốc.\r\n\r\n+ Thưởng ngoạn cảnh đẹp say đắm lòng người của Suối Tiên với Cối Xay Thần Gió, Cáp Treo Du Lịch, Tứ Linh Hội Tụ, Linh Cung Thập Nhị Giáp.\r\n\r\n+ Lạc vào chốn tiên cảnh bồng lai thơ mộng tại Kỳ Hoa Thượng Uyển Cung – Thiên đường hoa muôn sắc rộng 20,000m2, quy tụ đa dạng các loài kỳ hoa dị thảo bừng nở trong không gian rực rỡ sắc màu.\r\n\r\n+ Hòa mình vào làn nước xanh mát tại Biển Tiên Đồng Ngọc Nữ – Đại dương nhân tạo hùng vĩ với kiến trúc mô phỏng truyền thuyết Lạc Long Quân – Âu Cơ…\r\n\r\n- Hằng năm, Suối Tiên “luôn luôn đổi mới – luôn luôn phát triển” và không ngừng đầu tư nâng cấp toàn diện cảnh quan, chất lượng công trình vui chơi, giải trí.\r\n\r\n- Suối Tiên - Vùng đất Tứ Linh với Long Lân Quy Phụng lần đầu tiên xuất hiện tại Hotdeal mang đến siêu ưu đãi cho khách hàng, bao gồm: Vé vào cổng và Tham gia 10 trò chơi giải trí, khám phá, cảm giác mạnh cực kỳ hấp dẫn & vui nhộn 2019. Không bao gồm công viên nước.\r\n\r\n* Danh sách 10 trò chơi áp dụng: 1. Thủy Cung, 2. Vương Quốc Cá Sấu, 3. Đĩa Xoáy Thiên Hà, 4. Quá Khứ Vị Lai Cung, 5. Bí Mật Rừng Phù Thủy, 6. Thuyền Rồng, 7. Tàu Lượn Mini, 8. Xe Cáp Treo Du Lịch, 9. Du Thuyền Tứ Linh Thiên Nga, 10. Massage Cá.\r\n\r\n- Bảng giá tham khảo: https://www.suoitien.com/gia-ve/bang-gia-khach-le-1', 0, NULL, NULL);
INSERT INTO `product` (`id`, `name`, `slug`, `price`, `sale`, `image`, `category_id`, `content`, `quantity`, `head`, `how_to_use`, `location`, `remarkable_thing`, `hot`, `created_at`, `updated_at`) VALUES
(30, 'Tổ Chức Sinh Nhật Ước Mơ Cho Bé Từ 3 – 12 Tuổi Ý Nghĩa Và Trọn Niềm Vui Với 60 Trò Chơi Bổ Ích Và 10', 'to-chuc-sinh-nhat-uoc-mo-cho-be-tu-3-12-tuoi-y-nghia-va-tron-niem-vui-voi-60-tro-choi-bo-ich-va-10-k', 200000, 36, 'hinh6.jpg', 22, 'Ra đời vào thời điểm cuộc sống bộn bề khiến các bậc phụ huynh ít có thời gian quan tâm và giáo dục các bé nhỏ, Kizworld đã trở thành sự lựa chọn hàng đầu của các bậc phụ huynh tại TP.HCM, bởi đến đây, các bé không chỉ được vui chơi, giải trí mà còn có cơ hội trải nghiệm các ngành nghề trong tương lai. Đây còn là môi trường để các bé rèn luyện kỹ năng sống, biết cách tự chăm sóc bản thân, hiểu được những quy luật và những quy tắc trong cuộc sống. \r\n\r\nVoucher ưu đãi 129.000 đồng lần này từ Hotdeal là cơ hội để bạn thưởng cho các bé nhỏ nhà mình một bữa tiệc sinh nhật khó quên tại Kizworld, khích lệ tinh thần các bé, để bé có động lực học tập tốt và ngoan ngoãn hơn. Chương trình gồm 4 phần sôi động: Lễ - Hội - Tiệc - Sinh nhật, các bé sẽ có được những kỷ niệm đáng nhớ nhất trong ngày sinh nhật của mình.\r\nNội dung chương trình Sinh Nhật Ước Mơ:\r\n\r\n1/ Lễ:\r\n\r\nMúa hát, MC hoạt náo, trò chơi vui nhộn\r\n\r\nRước chủ nhân sinh nhật lên sảnh chính\r\n\r\nNghi thức ước nguyện\r\n\r\nThổi nến bánh sinh nhật (gia đình chuẩn bị và mang vào), bắn pháo hoa.\r\n\r\n2/ Hội:\r\n\r\n- Trải nghiệm các ngành nghề tại Kizworld\r\n\r\n- Học các kỹ năng sống tại Kizworld như:\r\n\r\n+ Chống xâm hại và bắt cóc trẻ em (võ Vovinam)\r\n\r\n+ Ứng phó khi bị lạc (sở cảnh sát).\r\n\r\n+ Sơ cấp cứu cơ bản (bệnh viện đa khoa).\r\n\r\n+ Phòng cháy chữa cháy và thoát hiểm khi hỏa hoạn (sở cấp cứu)\r\n\r\n+ Nghệ thuật tạo hình từ thạch cao (đúc tượng)\r\n\r\n+ Kỹ năng hội họa, thẩm mỹ (thẩm mỹ viện), cắm hoa, trang trí bàn, xếp khăn, làm bánh.\r\n\r\n+ Xếp quần áo, buộc giày, thắt cà vặt.\r\n\r\n3/ Tiệc:\r\n\r\n- Trang trí không gian sinh nhật, tên chủ nhân sinh nhật.\r\n\r\n- Thực đơn dùng tiệc cho các bé: 01 phần cơm chiên dương châu đùi gà và 1 chai nước ngọt.\r\n\r\n4/ Sinh Nhật: Trong toàn bộ chương trình sinh nhật, Kizworld sẽ có nhân viên quay phim, chụp hình. Kết thúc chương trình, Kizworld sẽ gửi tặng phụ huynh và bé toàn bộ ảnh và phim “Sinh Nhật Ước Mơ”.\r\n\r\n \r\n\r\n\r\n\r\n \r\n\r\n\r\n\r\n \r\n\r\n\r\n\r\n \r\n\r\n\r\n\r\n \r\n\r\n\r\n\r\n \r\n\r\n\r\n\r\n \r\n\r\nKizworld là thế giới thu nhỏ dành cho trẻ thơ với nhà cao tầng, đường phố, xe cộ hiện đại, một nền kinh tế thu nhỏ với dòng tiền lưu thông cùng sự hiện diện của các thương hiệu hàng đầu. Kizworld mang đến cho trẻ em và phụ huynh một môi trường giáo dục, giải trí thực tế, an toàn và độc đáo với mục tiêu biến ước mơ của trẻ thành hiện thực. Đây là nơi các em được trải nghiệm những ngành nghề mình yêu thích, dần dần khám phá bản thân và định hình nghề nghiệp trong tương lai.\r\n\r\n \r\n\r\n\r\n\r\n\r\n\r\n\r\n\r\n\r\n\r\n\r\n\r\n\r\n\r\n\r\n\r\n\r\n\r\n\r\n  \r\n\r\nĐến với Kizworld, các bé từ 3 đến 15 tuổi sẽ được nhập vai vào các ngành nghề khác nhau như: tập làm họa sĩ, tập làm thợ sơn, tập làm bác sĩ, làm thợ xây… hay đơn giản là được hòa nhập vào những công việc thiết thực hàng ngày của người lớn như: đi siêu thị, lái xe trên đường phố… Đặc biệt, Kizworld còn cung cấp một khu vực dành riêng cho trẻ dưới 3 tuổi để các bé trải nghiệm bản thân theo phương pháp giáo dục Kizworld-Montessori.\r\n\r\n \r\n\r\n \r\n\r\nTham gia vào chương trình lần này, các bé cùng các khách mời nhí của mình sẽ được thỏa thích chụp hình, hát mừng sinh nhật và vui chơi. Trải nghiệm 60 ngành nghề, các bé sẽ học được nhiều kỹ năng bổ ích cho cuộc sống. Chương trình còn gồm phần tiệc nhẹ để các bé tiếp thêm năng lượng sau quãng thời gian vui chơi khá mất sức cùng bạn bè. Tại các khu vực ngành nghề cũng sẽ có bánh kẹo phục vụ các bé n\r\n\r\n\r\nTham gia vào các trò chơi bổ ích tại Kizworld, bé không chỉ được giải trí, vui chơi, khám phá những điều mới lạ mà còn được làm quen với cuộc sống thực tế qua mô hình giải trí thu nhỏ. Thông qua đó, kiến thức và kỹ năng sống sẽ thẩm thấu vào các em một cách tự nhiên nhất, là bàn đạp để các em vững bước hơn trong cuộc sống và công việc tương lai.\r\nVới các bậc phụ huynh, bạn có thể theo dõi những điều con cái được trải nghiệm qua cửa kính của từng cơ sở hay thư giãn tại phòng riêng, xem phim 5D, thưởng thức ẩm thực ở nhà hàng hoặc tham gia các chuyên đề nuôi con khỏe, dạy con thành tài. Phụ huynh cũng có thể gửi con lại Kizworld (trẻ cao>120 cm) để đi mua sắm, tập thể dục hay làm những công việc khác. Nhờ hệ thống kiểm soát định vị RFID tại chỗ, phụ huynh có thể yên tâm rằng con cái mình được đảm bảo trong một môi trường an toàn.\r\n\r\n \r\nTự tin vào cơ sở vật chất cùng mô hình giải trí chất lượng, đảm bảo an toàn và tính chất giáo dục lành mạnh bên cạnh việc vui chơi, các bậc phụ huynh có thể hoàn toàn yên tâm vì con cái mình được vui chơi an toàn nhất, bổ ích nhất trong môi trường Kizworld. Cùng với đội ngũ hướng dẫn giàu kinh nghiệm, yêu thích trẻ nhỏ và đã được đào tạo qua trường lớp về giáo dục trẻ em, bé sẽ hoà nhập nhanh nhất vào thế giới Kizworld, thoải mái vui chơi cùng bạn bè đồng trang lứa.\r\n\r\n ', 10, 0, 'Thời hạn sử dụng voucher: từ 07/07/2020 đến 31/12/2020.\r\n Áp dụng cho: Chương trình tổ chức Sinh Nhật Ước Mơ cho bé từ 3 – 12 tuổi với 60 trò chơi bổ ích & 10 kỹ năng sống hoàn hảo tại khu vui chơi giáo dục Kizworld gồm 4 nội dung sau:\r\n\r\n1/ Lễ:\r\n\r\nMúa hát, MC hoạt náo, trò chơi vui nhộn\r\n\r\nRước chủ nhân sinh nhật lên sảnh chính\r\n\r\nNghi thức ước nguyện\r\n\r\nThổi nến bánh sinh nhật (gia đình chuẩn bị và mang vào), bắn pháo hoa.\r\n\r\n2/ Hội:\r\n\r\n- Trải nghiệm các ngành nghề tại Kizworld\r\n\r\n- Học các kỹ năng sống tại Kizworld như:\r\n\r\n+ Chống xâm hại và bắt cóc trẻ em (võ Vovinam)\r\n\r\n+ Ứng phó khi bị lạc (sở cảnh sát).\r\n\r\n+ Sơ cấp cứu cơ bản (bệnh viện đa khoa).\r\n\r\n+ Phòng cháy chữa cháy và thoát hiểm khi hỏa hoạn (sở cấp cứu)\r\n\r\n+ Nghệ thuật tạo hình từ thạch cao (đúc tượng)\r\n\r\n+ Kỹ năng hội họa, thẩm mỹ (thẩm mỹ viện), cắm hoa, trang trí bàn, xếp khăn, làm bánh.\r\n\r\n+ Xếp quần áo, buộc giày, thắt cà vặt.\r\n\r\n3/ Tiệc:\r\n\r\n- Trang trí không gian sinh nhật, tên chủ nhân sinh nhật.\r\n\r\n- Thực đơn dùng tiệc cho các bé: 01 phần cơm chiên dương châu đùi gà và 1 chai nước ngọt.\r\n\r\n4/ Sinh Nhật: Trong toàn bộ chương trình sinh nhật, Kizworld sẽ có nhân viên quay phim, chụp hình. Kết thúc chương trình, Kizworld sẽ gửi tặng phụ huynh và bé toàn bộ ảnh và phim “Sinh Nhật Ước Mơ”.\r\n\r\n- Bảng danh sách tất cả các trò chơi tham khảo tại đây.\r\n\r\n- Cách sử dụng phiếu:\r\n\r\n+ Số lượng nhận tiệc: 10 bé trở lên\r\n\r\n+ Phụ huynh đăng ký đi cùng bé là 50.000đ/ 01 người thanh toán trực tiếp tại Kizworld (bao gồm cả phần ăn)\r\n\r\n- Thời gian áp dụng: 9h30 – 18h thứ 7 & chủ nhật hàng tuần, kể cả lễ.\r\n\r\n- Sử dụng 01 voucher/ 01 bé / 01 suất trọn gói (không bù tiền).\r\n\r\n- Một khách hàng được mua nhiều phiếu.\r\n\r\n- Khách hàng vui lòng liên hệ đặt tiệc trước 03 ngày qua hotline: 0908 180 970 – 0938 180 970 – 0777 180 970 để Kizworld chuẩn bị chu đáo cho tiệc của bé.\r\n\r\n- Không áp dụng đồng thời với các chương trình khuyến mãi khác.\r\n\r\n- Phiếu không có giá trị quy đổi thành tiền mặt, không trả lại tiền thừa.\r\n\r\n- Thanh toán online nhận ngay voucher điện tử.\r\n\r\n- Thanh toán trả sau nhận voucher giấy miễn phí cho đơn hàng từ 150.000vnđ trở lên, đơn hàng dưới 150.000vnđ thu phí giao hàng 9.000vnđ.', '- Địa điểm sử dụng voucher: Khu vui chơi Hướng nghiệp Kizworld – Chắp Cánh Ước Mơ - Tầng 4 - The Emporium, 184 Lê Đại Hành, Phường 15, Quận 11, Tp.HCM - Hotline: 0908 180 970 – 0938 180 970 – 0777 180 970.', '- Kizworld là thế giới thu nhỏ dành cho trẻ thơ mang đến cho các bé và phụ huynh một môi trường giáo dục, giải trí thực tế, an toàn.\r\n\r\n- Tại Kizworld, bé sẽ được nhập vai và trải nghiệm các nghành nghề mình yêu thích như: họa sĩ, thợ sơn, bác sĩ, thợ xây… giúp bé khám phá bản thân và định hình nghề nghiệp tương lai.\r\n\r\n- Là môi trường giải trí và giáo dục lành mạnh dành cho các bé từ 3 đến 15 tuổi giúp các kiến thức và kỹ năng sống thẩm thấu vào các bé một cách tự nhiên nhất.\r\n\r\n- Cơ sở vật chất, mô hình thiết kế hiện đại, nhiều màu sắc, phù hợp với lứa tuổi nhỏ.\r\n\r\n- Đội ngũ hướng dẫn vui vẻ, yêu thích trẻ em, nhiệt tình hướng dẫn.\r\n\r\n- Các bậc phụ huynh có thể theo dõi những trải nghiệm của con em mình hoặc giải trí ở khu vực riêng như: xem phim, thưởng thức ẩm thực, tham gia chuyên đề nuôi dạy con…\r\n\r\n- Môi trường thực hành kỹ năng sống trực quan cho trẻ: kỹ năng tự chăm sóc sức khỏe, kỹ năng an toàn giao thông, giá trị lao động...\r\n\r\n- Kizworld nơi tổ chức sinh nhật và in đậm dấu ấn tuổi thơ cho bé.\r\n\r\n- Voucher áp dụng cho: Chương trình tổ chức Sinh Nhật Ước Mơ cho bé từ 3 – 12 tuổi với 60 trò chơi bổ ích & 10 kỹ năng sống hoàn hảo tại khu vui chơi giáo dục Kizworld gồm 4 nội dung sau: Lễ - Hội - Tiệc - Sinh Nhật.\r\n\r\n- Số lượng nhận tiệc: 10 bé trở lên.\r\n\r\n- Bảng danh sách tất cả các trò chơi tham khảo tại đây.', 0, NULL, NULL),
(31, 'Minh Tâm Studio - Chụp Ảnh Bé Yêu/ Bé Cùng Cha Mẹ - Tặng 10 Tấm Ảnh Thêm Và 1 Tấm Ép Gỗ', 'minh-tam-studio---chup-anh-be-yeu-be-cung-cha-me---tang-10-tam-anh-them-va-1-tam-ep-go', 276000, 50, 'hinh7.jpg', 22, 'Tuổi thơ luôn là miền ký ức đẹp nhất trong cuộc đời mỗi người. Những nụ cười ngây ngô, những tiếng bi bô tập nói, những bước đi chập chững đầu đời sẽ là những kỷ niệm đáng để ghi nhớ trong cuộc đời. Nhằm giúp ba mẹ lưu lại những khoảnh khắc đáng yêu của con trẻ, cũng như lưu dấu lại những giây phút sum họp của cả gia đình, Minh Tâm Studio mang đến gói dịch vụ chụp ảnh bé yêu và cha mẹ với giá ưu đãi chỉ 249.000 đồng.\r\n\r\n', 10, 0, ' Thời hạn sử dụng voucher: từ 14/11/2020 đến 14/02/2021.\r\n\r\n- Địa điểm sử dụng voucher: Jian Studio - 139 Trương Vĩnh Ký, Phường Tân Thành, Quận Tân Phú, TP.HCM. ĐT: 0985 871 583 – 0901 427 283.\r\n\r\n- Facebook: https://www.facebook.com/Jianstudio/\r\n\r\n- Voucher áp dụng cho gói chụp ảnh bé yêu và gia đình tại Jian Studio + Tặng ảnh phóng lớn ép gỗ 15x21cm.', 'Địa điểm sử dụng voucher: Jian Studio - 139 Trương Vĩnh Ký, Phường Tân Thành, Quận Tân Phú, TP.HCM. ĐT: 0985 871 583 – 0901 427 283.', '- Jian Studio là địa chỉ chuyên cung cấp các dịch vụ đa dạng như: Ảnh em bé, chụp hình gia đình, chụp chân dung nghệ thuật, chụp hình thời trang, chụp ngoại cảnh phim trường, ảnh cưới…\r\n- Đội ngũ nhiếp ảnh gia, stylist, trang điểm trẻ trung, chuyên nghiệp, luôn không ngừng học hỏi để trau dồi tay nghề.\r\n- Voucher áp dụng cho gói chụp ảnh bé yêu và gia đình tại Jian Studio:\r\n+ Tặng ảnh phóng lớn ép gỗ 15x21cm.', 0, NULL, NULL),
(32, 'VÉ THAM QUAN SAIGON SKYDECK Ở BITEXCO', 've-tham-quan-saigon-skydeck-o-bitexco', 200000, 10, '2.jpg', 24, 'Tòa nhà Bitexco Financial Tower ở độ cao 262 mét so với mặt đất, hiện là một trong những tòa nhà cao nhất tại Việt Nam hiện nay. Với ý tưởng thiết kế được lấy từ hình dáng búp sen, quốc hoa của Việt Nam, Bitexco Financial Tower không chỉ đơn thuần là một tòa nhà được bao bọc bởi kính và thép mà còn là một minh chứng điển hình cho sự sáng tạo và thiết kế đặc sắc vượt bậcBitexco Financial Tower\r\nTOP 20 BIỂU TƯỢNG THẾ GIỚI\r\nTOP 25 KIẾN TRÚC ĐỘC ĐÁO TRÊN THẾ GIỚI\r\nTOP 10 ĐIỂM ĐẾN HẤP DẪN Ở HỒ CHÍ MINH\r\n\r\nCỬA HÀNG ĐỒ LƯU NIỆM\r\nCác mặt hàng trưng bày tại khu bán đồ lưu niệm có thiết kế độc đáo mang dấu ấn riêng của tòa nhà mà bạn chỉ có thể tìm thấy tại đây. Các mẫu sản phẩm đều hướng tới những giá trị truyền thống lâu đời của người Việt.\r\n\r\nMÀN HÌNH THÔNG TIN CẢM ỨNG\r\nNếu đứng tại vị trí đặt máy, bạn sẽ thấy trên màn hình mỗi máy là hình ảnh tương ứng với khung cảnh bên ngoài. Khi bạn dùng tay kích hoạt màn hình, thông tin chi tiết về một địa điểm danh lam thắng cảnh hoặc di tích lịch sử sẽ hiện ra.\r\n\r\nỐNG NHÒM\r\nCác ống nhòm này có khả năng quay ngang đến 360 độ và quay lên xuống góc 50 độ, đảm bảo cho bạn có thể nhìn rõ nhất chi tiết cảnh quan đường phố Sài Gòn mà ở độ cao của đài quan sát, bạn không thể nhìn rõ bằng mắt thường.', 100, 0, '- Loại vé đặc biệt này chỉ được sử dụng 1 lần, và có giá trị đến 21h30 ngày đã quy định trên vé.\r\n- Vé không có giá trị đổi trả hoặc hoàn tiền trong trường hợp không sử dụng hoặc hết hạn.', ' Thời gian: Mở cửa từ 9h30 - 21h30 mỗi ngày.\r\n- Giá vé: Đã bao gồm thuế VAT, không phân biệt giá ngày trong tuần hay cuối tuần.\r\n- Miễn phí trẻ em dưới 4 tuổi.\r\n36 Hồ Tùng Mậu, Phường Bến Nghé, Quận 1, Hồ Chí Minh', '\r\nMột trong những điểm nhấn của tòa nhà chính là đài quan sát ở tầng 49, bạn sẽ được tham quan ngắm cảnh từ trên cao với view 360 độ tuyệt đẹp', 0, NULL, NULL),
(33, 'CHƯƠNG TRÌNH TRẠI HÈ TIẾNG ANH I.E.VISION 2019 TẠI PHILIPPINES', 'chuong-trinh-trai-he-tieng-anh-ievision-2019-tai-philippines', 1000000, 40, 'B00000181.png', 24, 'EG nằm ở thành phố Angeles thuộc đặc khu kinh tế Clark,cách thủ đô Manila 80km và được gọi là “Mini California”. Được biết đến như là “Học Viện Xanh” (Green Academy). Là địa điểm tổ chức thi IELTS chính thức do Hội đồng Anh(British Council) chỉ định Đội ngũ giáo viên xuất sắc với hơn 90% giáo viên cố định, đảm bảo điều kiện giảng dạy và môi trường học tập xuyên suốt. Trong trường hợp khẩn cấp, luôn có nhân viên túc trực tại trường 24/7 .Nhà hàng, dịch vụ giặt ủi, bảo trì, cafe, thư viện, hồ bơi,... và các tiện ích khác đều có trong khuôn viên trường\r\nÁp dụng quy định “Khu vực chỉ được nói Tiếng Anh”\r\nTRƯỜNG EG LÀ TRƯỜNG ANH NGỮ UY TÍN BẬC NHẤT PHILIPPINES ĐÃ ĐƯỢC NHIỀU PHỤ HUYNH VÀ HỌC SINH TIN TƯỞNG CHO CÁC KHÓA DU HỌC HÈ ĐIỀU GÌ LÀM EG KHÁC BIỆT?\r\n\r\nKhuôn viên rộng rãi, thoáng mát\r\nTrang thiết bị hiện đại với thư viện, hồ bơi,...\r\nGiáo viên đạt chuẩn quốc tế và nhiều kinh nghiệm\r\nChương trình học 1 kèm 1 hiệu quả\r\nHọc phí hợp lý và tiết kiệm\r\nKhu kí túc xá hiện đại và tiện nghi', 10, 0, 'chỉ cần đăng ký là auto', '164 Nguyễn Công Trứ, Phường Nguyễn Thái Bình, Quận 1, Hồ Chí Minh', 'THỜI GIAN BIỂU & HỌC PHÍ\r\nCHI PHÍ BAO GỒM:\r\n\r\nChi phí học tập\r\nChi phí lưu trú (Kí túc xá, ăn uống)\r\nChi phí địa phương (Giấy phép học tập SSP, Thẻ tạm trú I-Card,...)\r\nChi phí giám hộ cho học sinh dưới 15 tuổi\r\nCác hoạt động ngoại khóa, dã ngoại cuối tuần\r\nChi phí lớp học demo tại I.E.Vision trước khi sang Philippines\r\nChi phí giám sát 24/7 từ I.E.Vision\r\nChi phí đưa đón sân bay Manila\r\nBảo hiểm CHUBB\r\nVé máy bay khứ hồi', 0, NULL, NULL),
(34, 'DUCA SHOW - DU CA ĐẤT VIỆT: ĐẶC SẢN DU LỊCH NHA TRANG   ', 'duca-show---du-ca-dat-viet-dac-san-du-lich-nha-trang', 500000, 20, 'hinh-anh-nha-trang-7.jpg', 24, 'Thời gian: 19h30 - 20h30, diễn ra tất cả các ngày trong tuần đến hết 31/12/2019.\r\n', 100, 0, ' Giá vé:\r\n+ Ngưới lớn 590.000 VNĐ đã giảm còn 400.000 VNĐ.\r\n+ Trẻ em 490.000 VNĐ đã giảm còn 300.000 VNĐ', ' Địa điểm: 62 Thái Nguyên, Phước Tân, Thành phố Nha Trang, Khánh Hòa.\r\n', 'DUCA SHOW – Du Ca Đất Việt là cuộc hành trình đưa khán giả và du khách thăm quan suốt chiều dài đất Việt bay bổng theo giai điệu của âm nhạc, ánh sáng và hiệu ứng sân khấu hiện đại. Với 4 chương: Du xuân Bắc Bộ, Hành trình di sản miền Trung, đến Hương sắc miền Nam và gặp gỡ nơi Nha Trang hội tụ.\r\n \r\n\r\nCùng với trang thiết bị kỹ thuật hiện đại, hiệu ứng sân khấu hoành tráng, được hòa quyện cùng ngôn ngữ các loại hình nghệ thuật: Âm nhạc, Hát, Múa, Xiếc, Biểu diễn thời trang, Trình diễn ánh sáng, Trình diễn tương tác màn hình…Khán giả xem chương trình cảm tưởng như được sống trong không gian văn hóa đầy màu sắc với nhiều cung bậc cảm xúc khó quên.', 0, NULL, NULL),
(35, 'Buffet Tối 70 Món Hải Sản Nướng, Miễn Phí Nước Uống Tại Liberty Saigon Parkview Hotel', 'buffet-toi-70-mon-hai-san-nuong-mien-phi-nuoc-uong-tai-liberty-saigon-parkview-hotel', 426000, 30, '2 (2).jpg', 23, 'Buffet tối Nhà hàng Liberty Level 9 phục vụ hơn 70 món mang phong cách Âu - Á - Việt và nhiều loại và hải sản nướng, được chế biến theo nhiều cách khác nhau, đáp ứng nhu cầu ẩm thực đa dạng của mọi đối tượng thực khách.', 200, 0, '- Thời hạn sử dụng voucher: từ 01/12/2020 đến 01/03/2021.\r\n\r\n- Địa điểm sử dụng voucher: Nhà hàng Liberty Level 9 - Lầu 09, Khách sạn Quê Hương Liberty 4, 265 Phạm Ngũ Lão, Phường Phạm Ngũ Lão, Quận 1. Điện thoại: (028) 3836 5172 - (028) 3836 4556.\r\n\r\n- Áp dụng cho tiệc Buffet tối với 70 món Á, Âu, Việt và hải sản nướng tại Nhà hàng Liberty Level 9.\r\n\r\n- Thời gian áp dụng: 18h00 - 21h30, từ thứ 6 đến Chủ Nhật.\r\n\r\n- Khách hàng sử dụng vào ngày lễ: vui lòng phụ thu 30.000 VND/voucher.\r\n\r\n- Sử dụng 01 voucher/01 người (không bù tiền).\r\n\r\n- Đối với trẻ em bù thêm tiền mặt như sau:\r\n\r\n+ Dưới 1m: miễn phí (Tối đa 2 người lớn kèm 1 trẻ em).\r\n\r\n+ Từ 1m - dưới 1m3: 218.000 VND/bé (Thanh toán tại nhà hàng).\r\n\r\n+ Từ 1m3 trở lên: tính như người lớn.\r\n\r\n- Giá trên đã bao gồm các loại nước uống: nước suối, trà đá và kem tươi. Ưu đãi: khách hàng được tặng 01 ly bia Tiger Draught hoặc 1 ly soda Ý. Khách hàng sử dụng các thức uống khác, vui lòng thanh toán thêm theo bảng giá tại nhà hàng.\r\n\r\n- Giá trên đã bao gồm 10% VAT và 5% phí phục vụ. Nhà hàng Level 9 chịu trách nhiệm xuất hóa đơn trên giá bán voucher và chi phí phát sinh (nếu có) khi khách hàng yêu cầu.\r\n\r\n- Voucher không áp dụng cho nhóm khách từ 30 người trở lên.\r\n\r\n- Một khách hàng có thể mua nhiều voucher.\r\n\r\n- Khách hàng có thể mua nhiều voucher để sử dụng hoặc tặng người thân hoặc bạn bè.\r\n\r\n- Khách hàng vui lòng liên hệ đặt chỗ tối thiểu 48 giờ trước khi đến (Trong trường hợp khách hàng không gọi trước, nhà hàng xin cáo lỗi và hẹn khách hàng thời điểm khác để phục vụ).\r\n\r\n- Không áp dụng đồng thời với các chương trình khuyến mãi khác.\r\n\r\n- Phiếu không có giá trị quy đổi thành tiền mặt, không trả lại tiền thừa.\r\n\r\n- Thanh toán online nhận ngay voucher điện tử.\r\n\r\n- Thanh toán trả sau nhận voucher giấy miễn phí cho đơn hàng từ 150.000vnđ trở lên, đơn hàng dưới 150.000vnđ thu phí giao hàng 9.000vnđ.', '- Địa điểm sử dụng voucher: Nhà hàng Liberty Level 9 - Lầu 09, Khách sạn Quê Hương Liberty 4, 265 Phạm Ngũ Lão, Phường Phạm Ngũ Lão, Quận 1. Điện thoại: (028) 3836 5172 - (028) 3836 4556.', '- Nhà hàng Level 9 - Khách sạn Quê Hương Liberty 4 là thương hiệu gắn liền với phong cách ẩm thực đa dạng gồm nhiều món Á - Âu - Việt, được nhiều thực khách sành ăn uống ưa chuộng.\r\n- Nhà hàng nằm tại khi trung tâm Quận 1, với nhiều hàng quán ăn uống và các loại hình vui chơi giải trí sôi động, thích hợp là điểm hẹn cuối tuần cho gia đình, nhóm bạn.\r\n- Nhà hàng sở hữu không gian rộng rãi, nội thất sang trọng, lối bày trí hiện đại, ấm cúng, là nơi lý tưởng để tổ chức các bữa tiệc, hội nghị, liên hoan sinh nhật…\r\n- Buffet tối tự chọn với 70 món Á, Âu, Việt và hải sản nướng đặc sắc, hấp dẫn, thực đơn thay đổi thường xuyên, hứa hẹn mang đến cho thực khách những trải nghiệm ẩm thực tinh tế.\r\n- Nguyên liệu được tuyển chọn kỹ lưỡng, đa dạng, cách chế biến mang hương vị đặc trưng, trình bày công phu, tỉ mỉ.\r\n- Đội ngũ nhân viên chuyên nghiệp, phục vụ nhiệt tình, chu đáo.\r\n- Ngoài nước suối, trà đá và kem tươi có sẵn, khách hàng còn được miễn phí 01 ly bia Tiger Draught hoặc 1 ly soda Ý.', 0, NULL, NULL);

-- --------------------------------------------------------

--
-- Cấu trúc bảng cho bảng `transaction`
--

CREATE TABLE `transaction` (
  `id` int(11) NOT NULL,
  `amount` int(11) DEFAULT NULL,
  `users_id` int(11) DEFAULT NULL,
  `status` int(5) NOT NULL DEFAULT 0,
  `note` varchar(100) DEFAULT NULL,
  `created_at` timestamp NOT NULL DEFAULT current_timestamp(),
  `updated_at` timestamp NULL DEFAULT NULL ON UPDATE current_timestamp()
) ENGINE=InnoDB DEFAULT CHARSET=utf8mb4;

--
-- Đang đổ dữ liệu cho bảng `transaction`
--

INSERT INTO `transaction` (`id`, `amount`, `users_id`, `status`, `note`, `created_at`, `updated_at`) VALUES
(7, 351450, 3, 0, '', '2020-11-30 16:42:10', NULL),
(8, 142516, 3, 0, '', '2020-11-30 16:46:21', NULL),
(9, 483989, 8, 0, 'hahahahaha', '2020-12-02 08:46:22', NULL),
(10, 197340, 8, 0, '', '2020-12-02 13:02:24', NULL),
(11, 186659, 8, 0, 'asdasd', '2020-12-02 13:06:14', NULL),
(12, 186659, 8, 0, '', '2020-12-02 13:06:43', NULL),
(13, 186659, 8, 0, '', '2020-12-02 13:10:08', NULL),
(14, 221659, 8, 0, '', '2020-12-02 13:11:51', NULL),
(15, 256659, 8, 0, '', '2020-12-02 13:12:02', NULL),
(16, 291659, 8, 0, '', '2020-12-02 13:23:18', NULL),
(17, 594977, 8, 0, '', '2020-12-02 13:24:32', NULL),
(18, 891636, 8, 0, '', '2020-12-02 13:58:21', NULL),
(19, 1205136, 8, 0, '', '2020-12-02 14:11:55', NULL),
(20, 1240136, 8, 0, '', '2020-12-02 14:12:25', NULL),
(21, 777500, 8, 0, '', '2020-12-02 15:49:59', NULL),
(22, 1380000, 8, 0, '', '2020-12-04 03:35:37', NULL),
(23, 634725, 8, 0, 'Nhớ gọi trước khi giao', '2020-12-04 04:35:45', NULL),
(24, 331340, 9, 0, '', '2020-12-04 04:37:31', NULL),
(25, 186659, 9, 0, 'Nhớ gọi trước khi giao', '2020-12-04 05:17:35', NULL),
(26, 186659, 9, 0, 'Nhớ gọi trước khi giao', '2020-12-04 05:18:12', NULL),
(27, 186659, 9, 0, 'Nhớ gọi trước khi giao', '2020-12-04 05:19:05', NULL),
(28, 186659, 9, 0, '', '2020-12-04 05:21:26', NULL),
(29, 186659, 9, 0, '', '2020-12-04 05:37:54', NULL),
(30, 1731900, 9, 0, '', '2020-12-04 08:25:00', NULL),
(31, 840865, 9, 0, '', '2020-12-04 08:30:56', NULL),
(32, 654290, 9, 0, '', '2020-12-04 14:03:30', NULL);

-- --------------------------------------------------------

--
-- Cấu trúc bảng cho bảng `user`
--

CREATE TABLE `user` (
  `id` int(11) NOT NULL,
  `name` varchar(100) DEFAULT NULL,
  `email` varchar(100) DEFAULT NULL,
  `phone` char(15) DEFAULT NULL,
  `address` varchar(100) DEFAULT NULL,
  `password` varchar(255) DEFAULT NULL,
  `token` varchar(50) DEFAULT NULL,
  `created_at` timestamp NOT NULL DEFAULT current_timestamp(),
  `updated_at` timestamp NULL DEFAULT NULL ON UPDATE current_timestamp()
) ENGINE=InnoDB DEFAULT CHARSET=utf8mb4;

--
-- Đang đổ dữ liệu cho bảng `user`
--

INSERT INTO `user` (`id`, `name`, `email`, `phone`, `address`, `password`, `token`, `created_at`, `updated_at`) VALUES
(2, 'chuongduong', 'cameraquangthuy@gmail.com', '0387845823', 'Ấp long thạnh xã hòa tịnh', '$2y$10$sM2MrdjAYNTCWvfGMxEMOe7K3ZUMMcdSXqrXnZHtlik', NULL, '2020-12-01 02:57:20', NULL),
(8, 'chuongduong', 'chuongddavid@gmail.com', '0387845823', 'hungvuong', '$2y$10$crjA7bwVsRhzrknn8RSu2.LsfTYXxqVECgMl/1akw5XIhfyxq3L86', NULL, '2020-12-01 04:00:52', NULL),
(9, 'Dương Thụy Chương', 'duongthuychuong@gmail.com', '0387845823', 'Ấp long thạnh xã hòa tịnh', '$2y$10$Sc8f.BypwAy/KpIZX/jvo.8GKqVEmTLkS6tpsAsx7j.HrskjV3lze', NULL, '2020-12-04 04:36:59', NULL);

--
-- Chỉ mục cho các bảng đã đổ
--

--
-- Chỉ mục cho bảng `admin`
--
ALTER TABLE `admin`
  ADD PRIMARY KEY (`id`) USING BTREE;

--
-- Chỉ mục cho bảng `category`
--
ALTER TABLE `category`
  ADD PRIMARY KEY (`id`);

--
-- Chỉ mục cho bảng `orders`
--
ALTER TABLE `orders`
  ADD PRIMARY KEY (`id`);

--
-- Chỉ mục cho bảng `product`
--
ALTER TABLE `product`
  ADD PRIMARY KEY (`id`);

--
-- Chỉ mục cho bảng `transaction`
--
ALTER TABLE `transaction`
  ADD PRIMARY KEY (`id`);

--
-- Chỉ mục cho bảng `user`
--
ALTER TABLE `user`
  ADD PRIMARY KEY (`id`);

--
-- AUTO_INCREMENT cho các bảng đã đổ
--

--
-- AUTO_INCREMENT cho bảng `admin`
--
ALTER TABLE `admin`
  MODIFY `id` int(11) NOT NULL AUTO_INCREMENT;

--
-- AUTO_INCREMENT cho bảng `category`
--
ALTER TABLE `category`
  MODIFY `id` int(11) NOT NULL AUTO_INCREMENT, AUTO_INCREMENT=26;

--
-- AUTO_INCREMENT cho bảng `orders`
--
ALTER TABLE `orders`
  MODIFY `id` int(11) NOT NULL AUTO_INCREMENT, AUTO_INCREMENT=50;

--
-- AUTO_INCREMENT cho bảng `product`
--
ALTER TABLE `product`
  MODIFY `id` int(11) NOT NULL AUTO_INCREMENT, AUTO_INCREMENT=36;

--
-- AUTO_INCREMENT cho bảng `transaction`
--
ALTER TABLE `transaction`
  MODIFY `id` int(11) NOT NULL AUTO_INCREMENT, AUTO_INCREMENT=33;

--
-- AUTO_INCREMENT cho bảng `user`
--
ALTER TABLE `user`
  MODIFY `id` int(11) NOT NULL AUTO_INCREMENT, AUTO_INCREMENT=10;
COMMIT;

/*!40101 SET CHARACTER_SET_CLIENT=@OLD_CHARACTER_SET_CLIENT */;
/*!40101 SET CHARACTER_SET_RESULTS=@OLD_CHARACTER_SET_RESULTS */;
/*!40101 SET COLLATION_CONNECTION=@OLD_COLLATION_CONNECTION */;
